COMMENT_ID,NEWS_ID,USER_ID,PARENT_COMMENT_ID,CONTENT,COMMENT_TIME,LIKE_COUNT,DISLIKE_COUNT
1,2,9,,德牧真是既帅气又温柔啊，这样的互动太有爱了！,2024-08-08 11:00:01,0,0
2,2,10,,看到德牧这么暖心的一面，我也想养一只了！,2024-08-08 11:00:02,0,0
3,2,13,,这样的狗狗确实能给人带来不少欢乐和安慰，真是太棒了！,2024-08-08 11:00:03,0,0
4,2,7,,作为德牧的主人一定很骄傲吧，出门溜达都倍儿有面子！,2024-08-08 11:00:04,0,0
5,2,16,3,非常赞同！狗狗们的陪伴真是生活中的一大乐事。,2024-08-08 11:00:05,0,0
6,3,4,,这种夸张的传闻听起来就很离谱，不过还是有很多人信以为真。,2024-08-08 11:00:06,0,0
7,3,2,,网络上的信息鱼龙混杂，大家还是要学会辨别真伪。,2024-08-08 11:00:07,0,0
8,3,5,,巨蟒“桂花”的真实数据曝光后，那些夸张的说法就不攻自破了。,2024-08-08 11:00:08,0,0
9,3,1,,这样的谣言流传，也反映出人们对未知事物的好奇心。,2024-08-08 11:00:09,0,0
10,3,8,,即使现实中没有这么大的蟒蛇，科幻小说和电影里的巨型生物还是很吸引人的。,2024-08-08 11:00:10,0,0
11,3,15,10,确实如此！虽然现实中这类巨型生物不存在，但它们在想象中的形象总是能激发人们的兴趣和好奇心。,2024-08-08 11:00:11,0,0
12,4,3,,宠物行业的发展离不开女性消费者的推动和支持，女性宠主的需求越来越精细化，这对品牌提出了更高的要求。,2024-08-08 11:00:12,0,0
13,4,4,,以宠物功能性食品为切入点，不仅能满足宠物的健康需求，还能反映出品牌对于宠物生活质量的关注，这种趋势值得行业内的企业借鉴。,2024-08-08 11:00:13,0,0
14,4,16,,冻干产品因其便捷性和营养价值受到宠主们的青睐，利用南极磷虾等特殊食材，既能保证食品的新颖性也能满足市场对健康食品的需求。,2024-08-08 11:00:14,0,0
15,4,12,,女性在宠物行业中扮演着重要角色，无论是作为消费者还是创业者，她们都在不断地推动着行业向前发展，期待看到更多女性力量在宠物领域的精彩表现。,2024-08-08 11:00:15,0,0
16,5,8,,特色养殖如宠物兔不仅丰富了农村产业结构，也为当地农户带来了可观的经济效益，是乡村振兴的一个有效途径。,2024-08-08 11:00:16,0,0
17,5,14,,鲁新平的故事表明，通过不断学习和实践，即使是没有养殖经验的人也可以成为行业里的专家，并且取得成功。,2024-08-08 11:00:17,0,0
18,5,17,16,非常同意！特色养殖不仅能增加农民收入，还能促进乡村经济多元化发展，是推动乡村振兴的好方法。,2024-08-08 11:00:18,0,0
19,5,3,,宠物兔因其可爱的外观和易于照顾的特点，在市场上受到了广泛欢迎，这也反映了现代人对宠物多样化的需求。,2024-08-08 11:00:19,0,0
20,5,4,,将特色养殖与乡村旅游相结合，不仅增加了农户的收入来源，还促进了乡村文化的传播和发展，是一种可持续发展的模式。,2024-08-08 11:00:20,0,0
21,6,18,,宠物食品中加入植物性成分的趋势反映了人们对宠物健康的日益重视，以及对宠物食品品质的更高要求。,2024-08-08 11:00:21,0,0
22,6,15,,“双蛋白”概念的提出，即动植物蛋白的合理搭配，为宠物提供了更全面的营养，同时也考虑到了可持续发展的问题。,2024-08-08 11:00:22,0,0
23,6,5,22,确实如此！“双蛋白”概念不仅提升了宠物食品的营养价值，还促进了更加环保和可持续的饮食选择。这对宠物的健康和地球环境都是好消息。,2024-08-08 11:00:23,0,0
24,6,1,,随着宠物主人对宠物饮食知识的深入了解，未来的宠物食品市场可能会出现更多以植物为基础的创新产品。,2024-08-08 11:00:24,0,0
25,6,9,,通过科学研究和实验证据支持，宠物食品中植物性成分的应用不仅能够满足宠物的基本营养需求，还能提供额外的健康益处。,2024-08-08 11:00:25,0,0
26,6,4,,宠物食品行业的发展趋势表明，未来的宠物食品将更加注重个性化和定制化，以满足不同宠物的特定营养需求。,2024-08-08 11:00:26,0,0
27,7,2,,拉布拉多的贪吃确实是出了名的，主人需要更加小心地管理好食物，以免它们一次性吃太多。,2024-08-08 11:00:27,0,0
28,7,20,,给狗狗自制食物是个不错的想法，但要注意食物的分量和成分，避免引起消化不良或其他健康问题。,2024-08-08 11:00:28,0,0
29,7,12,,这样的故事既有趣又温馨，同时也提醒了宠物主人要时刻留意宠物的行为习惯，确保它们的健康安全。,2024-08-08 11:00:29,0,0
30,7,5,,通过社交媒体分享宠物的日常生活是一种很好的方式，不仅能获得他人的喜爱，也能促进宠物主人之间的交流和学习。,2024-08-08 11:00:30,0,0
31,8,6,,这只小狗露露的能力真是令人惊讶，识别真假钞票的能力似乎超越了常规认知。,2024-08-08 11:00:31,0,0
32,8,7,,露露的故事展现了宠物与人类之间独特的互动方式，也体现了宠物的智慧和本能。,2024-08-08 11:00:32,0,0
33,8,19,,虽然露露的能力很有趣，但需要注意的是，宠物识别钞票的能力可能并不具备实际应用价值。,2024-08-08 11:00:33,0,0
34,8,8,,这样的趣闻轶事提醒我们，宠物有时会展现出令人意想不到的才能，为我们的生活增添乐趣。,2024-08-08 11:00:34,0,0
35,8,18,,对于宠物主人来说，了解并尊重宠物的天赋和兴趣是一件乐事，但也要确保宠物的行为不会对它们自身造成伤害。,2024-08-08 11:00:35,0,0
36,9,3,,这份宠物口粮品牌排行榜涵盖了多个国际知名品牌，可以看出加拿大和美国品牌在宠物食品行业中占据主导地位。,2024-08-08 11:00:36,0,0
37,9,15,,本土品牌如麦富迪和比瑞吉也榜上有名，说明中国宠物食品市场正在崛起，并且得到了消费者的认可。,2024-08-08 11:00:37,0,0
38,9,5,37,没错！本土品牌的崛起显示了中国宠物食品市场的发展和成熟，消费者也越来越信任和支持国产品牌。这是一个积极的趋势。,2024-08-08 11:00:38,0,0
39,9,7,,皇家宠物食品凭借其悠久的历史和广泛的品种选择，在市场上保持着领先地位。,2024-08-08 11:00:39,0,0
40,9,11,,冠能品牌因其科研背景和对宠物健康的专业关注，成为了许多宠物主人的首选。,2024-08-08 11:00:40,0,0
41,9,19,,伯纳天纯和牛油果等品牌能够上榜，说明消费者越来越注重宠物食品的安全性和营养价值。,2024-08-08 11:00:41,0,0
42,10,3,,于谦老师的天精地华宠物乐园曾经是许多宠物爱好者心中的圣地，其关闭的消息令人惋惜。,2024-08-08 11:00:42,0,0
43,10,8,,从宠物乐园的规模和收藏的珍稀动物来看，于谦老师对于宠物的热爱可见一斑，但随着宠物乐园的关闭，这份热情似乎也暂时告一段落。,2024-08-08 11:00:43,0,0
44,10,16,,尽管宠物乐园目前处于关闭状态，但期待于谦老师能够找到新的地点，继续他的宠物事业，为更多人带来欢乐。,2024-08-08 11:00:44,0,0
45,10,13,44,这个愿望很好！相信许多人都期盼着于谦老师能重启或开创一个新的宠物乐园项目，继续传播他对宠物的热爱和关怀。,2024-08-08 11:00:45,0,0
46,11,6,,这样的事情太让人唏嘘了，本来只是个小摩擦，结果却酿成了这么严重的后果。,2024-08-08 11:00:46,0,0
47,11,2,,法院的判决还算公正，毕竟老人的基础疾病才是导致悲剧的根本原因。,2024-08-08 11:00:47,0,0
48,11,19,,这个案例再次提醒我们，无论遇到什么事情，都要冷静处理，不要冲动行事。,2024-08-08 11:00:48,0,0
49,11,7,,如果当时双方能好好沟通，也许就不会发生后面的事情了，真是太可惜了。,2024-08-08 11:00:49,0,0
50,11,1,,希望这样的事情能够给大家敲响警钟，生活中一定要多一份理解和宽容。,2024-08-08 11:00:50,0,0
51,12,8,,这只猫咪的眼神真是让人难忘，希望它能在新家里过得越来越好。,2024-08-08 11:00:51,0,0
52,12,15,,感谢这位铲屎官的善举，希望更多的流浪猫能找到温暖的家。,2024-08-08 11:00:52,0,0
53,12,17,,流浪猫的经历真是让人心疼，幸好遇到了好心人。,2024-08-08 11:00:53,0,0
54,12,5,53,是的，流浪动物的故事常常让人感动又心疼。幸运的是，总有好心人伸出援手，给它们一个温暖的家。,2024-08-08 11:00:54,0,0
55,12,18,,照顾好一只流浪猫不容易，这位铲屎官真的很负责任。,2024-08-08 11:00:55,0,0
56,12,6,,看到这样的故事总是很感动，希望猫咪能尽快恢复健康，享受幸福的生活。,2024-08-08 11:00:56,0,0
57,13,9,,这款宠物烘干箱听起来真的很方便，特别是对于长毛猫来说，能大大减少吹干的时间和精力消耗。,2024-08-08 11:00:57,0,0
58,13,4,,西典H30宠物烘干箱的设计考虑得很周到，既能让宠物感到舒适，又能帮助宠物主人节省时间和力气。,2024-08-08 11:00:58,0,0
59,14,12,,这次宠物食品论坛的内容真丰富，不仅有市场趋势的分析，还有法规解读和技术分享，对于从业者来说非常有价值。,2024-08-08 11:00:59,0,0
60,14,1,,听说Natural Balance在天猫国际的表现非常亮眼，看来高品质的宠物食品在国内市场有很大的发展潜力。,2024-08-08 11:01:00,0,0
61,14,13,,了解到新法规对宠物食品行业的影响，以及如何利用社交媒体推广品牌，这些信息对于想要进入中国市场的外国品牌来说非常实用。,2024-08-08 11:01:01,0,0
62,15,20,,猫咪的手欠行为确实让人头疼，但它们也有自己的小脾气，主人教训时要注意分寸。,2024-08-08 11:01:02,0,0
63,15,10,,看到猫咪想要跳楼的那一幕真是让人心惊胆战，还好最终没事，主人以后教训时要温和一些。,2024-08-08 11:01:03,0,0
64,15,5,,宠物也有自己的情感，有时候它们的反应会超出我们的预料，对待它们要更加耐心和理解。,2024-08-08 11:01:04,0,0
65,15,6,63,确实让人捏了一把汗！幸运的是猫咪安全无恙。对待宠物确实需要更多的耐心和温柔，避免类似的情况再次发生。,2024-08-08 11:01:05,0,0
66,16,14,,PAWAii的产品真是太酷了！不仅能通过APP监控宠物的饮食情况，还能保证宠物出行既时尚又安全。期待他们推出更多创新产品！,2024-08-08 11:01:06,0,0
67,16,7,,看到PAWAii在上海它博会上的展示，感觉他们的产品非常适合现代人的生活方式。希望未来能有更多这样的品牌出现，让养宠变得更轻松愉快！,2024-08-08 11:01:07,0,0
68,17,15,,都乐时Dolosh能获得这样的奖项真是实至名归！他们的宠物食品不仅注重营养成分，还特别强调功能性，我家宠物吃了之后毛发真的变得更加亮丽了。,2024-08-08 11:01:08,0,0
69,17,17,,看来宠物行业也在向着更加专业和精细化的方向发展，都乐时Dolosh的做法很值得其他品牌学习，希望未来能看到更多这样专注于宠物健康的优质产品。,2024-08-08 11:01:09,0,0
70,17,16,,作为宠主，我越来越重视宠物食品的安全性和营养价值。都乐时Dolosh获奖让我对他们更有信心，期待他们带来更多创新性的宠物食品和营养补充剂。,2024-08-08 11:01:10,0,0
71,18,4,,山东和河北作为宠物饲料的主要产地，原料资源丰富加上政府的支持，确实有利于宠物食品行业的发展。,2024-08-08 11:01:11,0,0
72,18,20,,看来宠物食品行业在国内的发展势头很好，希望能有更多的本土品牌崛起，提供高质量的产品给宠物和宠物主人。,2024-08-08 11:01:12,0,0
73,18,19,71,非常正确！山东和河北等地丰富的原料资源加上政策支持，为宠物食品行业的发展提供了良好的基础，有助于提升产品质量和竞争力。,2024-08-08 11:01:13,0,0
74,18,11,,物流成本的降低对宠物食品行业来说是个很大的利好，这意味着消费者可以享受到更多实惠的好产品。,2024-08-08 11:01:14,0,0
75,19,17,,这样的情况真是令人心痛，动物们不应该成为战争的受害者。希望这些被救助的动物能够尽快恢复健康，找到一个安全的新家。,2024-08-08 11:01:15,0,0
76,19,9,,四爪组织的工作人员们真是太棒了！能在这么困难的情况下救助这么多动物，他们的勇气和爱心值得赞扬。,2024-08-08 11:01:16,0,0
77,20,10,,看到狗狗这样保护小主人，真是既感动又好笑。狗狗的忠诚和爱护真是太让人暖心了。,2024-08-08 11:01:17,0,0
78,20,2,,狗狗的行为证明了它们确实是人类最好的朋友。不过家长还是要教育孩子不要随便玩弄贵重物品哦。,2024-08-08 11:01:18,0,0
79,20,8,,这只狗狗真是太可爱了，它的本能反应让人看到了宠物与家人之间深厚的情感联系。希望狗主人以后能更加理解狗狗的这种保护行为。,2024-08-08 11:01:19,0,0
80,21,18,,教育狗狗确实要讲究方法，不能随意打骂，否则会对它们的心理和身体健康造成伤害。,2024-08-08 11:01:20,0,0
81,21,11,,打屁股两侧这种方法我也听说过，但还是觉得用言语和正面训练来教育狗狗更好，毕竟暴力解决不了根本问题。,2024-08-08 11:01:21,0,0
82,21,15,80,完全同意！正确的训练方法对狗狗非常重要，正面强化和耐心引导远比惩罚更有效，也能建立更好的人宠关系。,2024-08-08 11:01:22,0,0
83,21,4,,看到狗狗被打得麻木不仁的样子真让人心疼，希望每位宠物主人都能用正确的方法教育自己的宠物。,2024-08-08 11:01:23,0,0
84,22,16,,这只折耳猫真是太有个性了，居然还知道用这种方式表达不满，主人下次可得记得给它准备好吃的了。,2024-08-08 11:01:24,0,0
85,22,19,,看来猫咪也是有自己的小脾气的，主人忘记喂食确实不应该，还好最后猫咪原谅了主人，希望它们以后能相处得更好。,2024-08-08 11:01:25,0,0
86,23,3,,乌龟咬人确实挺疼的，尤其是大乌龟，被咬的时候千万不能慌，按照这些方法慢慢来，通常都能解决问题。,2024-08-08 11:01:26,0,0
87,23,18,,养乌龟的朋友要注意了，尤其是家里有小孩的，一定要教会孩子正确的喂食方法，避免被咬伤。,2024-08-08 11:01:27,0,0
88,23,6,,看来即使是看似温顺的乌龟也有攻击力，不过这些应对方法挺实用的，以后遇到这种情况就知道该怎么做了。,2024-08-08 11:01:28,0,0
89,24,7,,看来狗狗和人一样，也会有害怕医生的情绪。希望这只拉布拉多能快点恢复健康。,2024-08-08 11:01:29,0,0
90,24,15,,这只拉布拉多的眼神真是太逗了，好像在说：“主人，快来救我！”希望它能尽快克服这种恐惧。,2024-08-08 11:01:30,0,0
91,24,2,89,确实如此，许多狗狗都会有这样的反应。希望这只拉布拉多能够尽快康复，也希望它的主人能找到合适的方法减轻它的焦虑。,2024-08-08 11:01:31,0,0
92,24,3,,这一幕真是既心疼又好笑，希望宠物医生和主人能好好安抚它，让它不再害怕看病。,2024-08-08 11:01:32,0,0
93,25,14,,另类宠物店的想法很有创意，特别是宠物租赁和专业的宠物摄影服务，这些都能满足不同人群的需求，希望这样的店铺能在更多地方出现。,2024-08-08 11:01:33,0,0
94,25,16,,看到另类宠物店提供宠物健康咨询和紧急医疗服务，感觉很贴心，这对于宠物主人来说非常重要，希望他们能做得越来越好。,2024-08-08 11:01:34,0,0
95,26,12,,看来柯基狗狗在村里过得挺开心的，能给街坊邻居带来欢乐，也成了小明星，真好！,2024-08-08 11:01:35,0,0
96,26,10,,老爸给柯基做小车的故事太有趣了，这样的创意不仅能帮助狗狗融入乡村生活，还能增进邻里之间的感情。,2024-08-08 11:01:36,0,0
97,26,15,,看到狗狗能在老家过得这么好，网友心里肯定也很欣慰，希望柯基能在那里健康快乐地生活。,2024-08-08 11:01:37,0,0
98,27,18,,这只狗狗真是太可爱了，居然还会听八卦，我家的狗子要是也能这样就好了！,2024-08-08 11:01:38,0,0
99,27,4,,看到狗狗如此融入人类社交场景，感觉它不仅是个宠物，更像是家庭的一员，太有爱了！,2024-08-08 11:01:39,0,0
100,27,9,98,哈哈，听起来很有趣！每只狗狗都有自己独特的个性，也许通过一些训练，你的狗狗也能学会更多有趣的技能呢。,2024-08-08 11:01:40,0,0
101,27,12,,这一幕真是治愈系，狗狗的陪伴总是能给我们带来许多乐趣和温暖，希望它能一直这样快乐下去！,2024-08-08 11:01:41,0,0
102,28,7,,感谢 Kabosu 给我们带来的所有欢笑和美好回忆，它不仅仅是一只柴犬，更是一个时代的符号。愿它在彩虹桥那边继续开心地奔跑。,2024-08-08 11:01:42,0,0
103,28,1,,Kabosu 是我最早接触的表情包之一，它的离世让我感到非常难过。它是互联网文化的一部分，永远都会记得那双传神的眼睛和标志性的表情。RIP Kabosu。,2024-08-08 11:01:43,0,0
104,29,15,,这种行为太不负责任了！宠物不是商品，它们是有生命的个体，需要得到关爱和尊重。希望有关部门能够加强监管，保护消费者的权益，更要保护这些无辜的小生命。,2024-08-08 11:01:44,0,0
105,29,19,,看到这样的新闻真是让人痛心。消费者在购买时也要多加小心，尽量选择信誉好的商家，并且最好亲自去实体店看看，不要只听信直播间的介绍。希望这种现象能尽快得到改善。,2024-08-08 11:01:45,0,0
106,29,16,,网络直播销售确实方便快捷，但同时也给了不法分子可乘之机。这些“星期狗”的悲剧提醒我们要提高警惕，同时也呼吁相关平台负起责任来，严格审核卖家资质，确保宠物健康。,2024-08-08 11:01:46,0,0
107,30,11,,这对宠物行业来说是个好消息！既能降低成本又能提高产品质量，希望这样的政策能惠及更多的企业，让宠物也能享受到更好的食品。,2024-08-08 11:01:47,0,0
108,30,14,,平阳县的宠物产业做得真不错，不仅在国内有影响力，在国际市场上也有很强的竞争力。这样的合作模式值得其他行业学习。,2024-08-08 11:01:48,0,0
109,30,3,108,确实如此！平阳县的宠物产业不仅在国内取得了显著的成绩，在国际市场上也展现了强大的竞争力。这种成功模式可以为其他行业提供很好的借鉴。,2024-08-08 11:01:49,0,0
110,30,12,,温州海关的支持对于这项合作非常重要，希望相关部门能继续提供便利和支持，帮助这些企业更好地发展，也让我们的宠物吃到更安全健康的食品。,2024-08-08 11:01:50,0,0
111,31,6,,终于有专门针对宠物气味的空气净化器了！这对于家里有宠物的朋友来说简直就是福音。不用再担心客人来访时会有尴尬的气味问题了。,2024-08-08 11:01:51,0,0
112,31,7,,Sunstar的这款空气净化器听起来很先进，特别是它能在气味扩散前就处理掉，而且还使用了日本的传统陶瓷技术，很有特色。希望价格也能亲民一些。,2024-08-08 11:01:52,0,0
113,32,15,,小娄救助流浪猫的精神值得赞扬，但也要量力而行。至于宠物殡葬服务方面，希望商家能更加人性化一些，毕竟这对宠物主人来说是非常敏感的事情。,2024-08-08 11:01:53,0,0
114,32,10,,商家的服务态度和处理方式有待改进，即使合同上有规定，也应该考虑到客户的情感因素。希望市场监管部门能够介入调解，让双方都能达成满意的解决方案。,2024-08-08 11:01:54,0,0
115,32,16,,救助流浪动物是一项长期而艰巨的任务，小娄的行为让人感动，但也提醒大家救助的同时要注意自己的经济状况和个人健康，避免过度投入导致生活陷入困境。,2024-08-08 11:01:55,0,0
116,33,3,,藏獒的力量和攻击性确实不容小觑，这起事件再次提醒我们饲养大型犬要格外小心。希望家属能够早日走出阴影，也希望社会各界能够重视宠物安全教育。,2024-08-08 11:01:56,0,0
117,33,12,116,非常同意您的观点。这起事件确实提醒我们，饲养大型犬需要承担更大的责任，包括确保宠物接受适当的训练和社会化，以及采取必要的预防措施来保障公共安全。希望这样的悲剧能够减少发生。,2024-08-08 11:01:57,0,0
118,33,14,,这样的案例让人痛心，不仅是对受害者及其家庭的伤害，也对宠物本身造成了不可挽回的后果。希望有关部门能够加强对藏獒等大型犬的管理，制定更严格的法规。,2024-08-08 11:01:58,0,0
119,33,17,,看到这样的新闻真的很揪心。宠物主人应该对宠物的行为负责，特别是饲养像藏獒这样的犬种。希望这些案例能引起更多人的警觉，防止类似悲剧再次发生。,2024-08-08 11:01:59,0,0
120,34,19,,这份南宁宠物医院排名榜单太实用了！正好最近在寻找一家靠谱的宠物医院给我的狗狗做定期检查，看了这些好评，决定先试试TOP1的流浪动物爱心救助中心，希望能遇到负责任的医生。,2024-08-08 11:02:00,0,0
121,34,9,,非常感谢这份榜单！之前我家猫咪生病时找了好几家医院都没找到满意的，这次直接按照排名去试试看。希望这些医院的服务和评价一样好，毕竟宠物的健康最重要。,2024-08-08 11:02:01,0,0
122,35,13,,这种情况确实很难处理，一方面宠物店应该对宠物负责，另一方面宠物主人也需要告知宠物的健康状况。希望司法鉴定能给出明确的结果，让双方都能接受。,2024-08-08 11:02:02,0,0
123,35,7,,宠物就像家人一样，突然失去肯定很难过。不过既然宠物店提出了司法鉴定，那就应该按照法律程序来解决问题，希望最终能找到真相。,2024-08-08 11:02:03,0,0
124,35,2,,寄养宠物时确实应该提前告知宠物的健康状况，否则出现问题很难说清。同时，宠物店也应该提高服务质量，确保宠物的安全。,2024-08-08 11:02:04,0,0
125,36,20,,宠物食品行业发展得越来越快了，但质量参差不齐的问题也需要重视。希望监管部门能加大监督力度，让宠物吃得更健康。,2024-08-08 11:02:05,0,0
126,36,10,125,非常同意！随着宠物食品行业的快速发展，确保产品质量和安全至关重要。加强监管不仅可以保护宠物的健康，也能增强消费者对市场的信心。,2024-08-08 11:02:06,0,0
127,36,19,,宠物食品添加剂标准制定的工作很重要，希望相关部门能加快进度，确保宠物食品的安全性和营养价值。,2024-08-08 11:02:07,0,0
128,36,18,,现在挑选宠物食品真是不容易，不仅要关注营养成分，还要提防虚假宣传。希望行业能更加规范，让消费者能放心购买。,2024-08-08 11:02:08,0,0
129,37,9,,INDIBA的非侵入式物理疗法听起来真的很先进，能帮助宠物减轻疼痛和恢复健康真是太好了。希望这种技术能更快普及，让更多的宠物受益。,2024-08-08 11:02:09,0,0
130,37,11,,看到宠物医疗行业有这么多创新和发展，感觉宠物们的健康保障也越来越好了。INDIBA获得兽医合作金牌奖真是实至名归，期待他们带来更多有益宠物的新技术。,2024-08-08 11:02:10,0,0
131,38,1,,科沃斯机器人的这次合作真是太棒了！对于养宠物的家庭来说，清洁工作确实是个挑战。期待科沃斯能带来更多解决宠物家庭清洁难题的创新产品。,2024-08-08 11:02:11,0,0
132,38,12,,看到科沃斯机器人赞助威斯敏斯特犬展，感觉品牌越来越国际化了。他们的智能清洁机器人确实帮了我们大忙，特别是对付宠物毛发这方面。,2024-08-08 11:02:12,0,0
133,38,20,,地宝T20 PRO听起来很厉害，特别是那个防缠绕胶刷和智能识别技术。希望以后能有更多的智能产品帮助我们更好地照顾宠物，同时也能让家居环境更干净整洁。,2024-08-08 11:02:13,0,0
134,39,7,,导盲犬真的是盲人最好的伙伴，它们经过专业的训练，能够帮助盲人安全地出行，这种无私的奉献精神让人感动。,2024-08-08 11:02:14,0,0
135,39,3,134,完全同意！导盲犬不仅是盲人的得力助手，更是他们生活中的重要伴侣。这些狗狗经过精心训练，展现出的专业能力和忠诚奉献令人钦佩。,2024-08-08 11:02:15,0,0
136,39,19,,选择合适的犬种作为导盲犬非常重要，它们不仅要有良好的性格，还需要经过严格的训练。希望未来能看到更多这样的专业训练学校。,2024-08-08 11:02:16,0,0
137,39,11,,导盲犬的工作要求非常高，它们不仅要具备出色的工作能力，还要能够适应各种复杂环境。我们应该给予这些“无声的英雄”更多的关注和支持。,2024-08-08 11:02:17,0,0
138,40,14,,这个案例再次提醒我们，养宠物尤其是大型犬时一定要遵守相关规定，确保宠物的安全管理。希望更多人能意识到宠物主人的责任，避免类似事件的发生。,2024-08-08 11:02:18,0,0
139,40,6,,法院的判决很公正，既保护了受害者的权益，也明确了宠物主人的责任。希望宠物主人能够从中吸取教训，加强对宠物的管理和约束，减少不必要的纠纷。,2024-08-08 11:02:19,0,0
140,41,2,,东莞的养犬管理条例很全面，既保障了市民的安全，也规范了养犬行为。希望大家都能够遵守规定，文明养犬。,2024-08-08 11:02:20,0,0
141,41,4,,禁养危险犬种是为了公共安全考虑，希望养犬人士能够理解和支持。同时，也要加强对犬只的管理和训练，避免发生意外。,2024-08-08 11:02:21,0,0
142,41,19,,规定很明确，违规养犬的处罚也很严厉，这对于维护社区秩序和公共卫生是有好处的。希望更多城市能够出台类似的管理条例。,2024-08-08 11:02:22,0,0
143,42,13,,BÜNGENER博根拿这个品牌看起来很专业，创始人汉斯·博根拿先生的经验丰富，希望他们的产品能给中国的宠物带来更好的营养。,2024-08-08 11:02:23,0,0
144,42,17,,很高兴看到国际品牌对中国市场的重视，BÜNGENER博根拿在中国设立生产线和研发中心，这说明他们是真的想为中国宠物主人提供优质的产品。,2024-08-08 11:02:24,0,0
145,42,15,144,确实如此！国际品牌在中国设立生产线和研发中心，不仅表明了对中国市场的重视，也体现了他们致力于为中国宠物及其主人提供高质量产品的承诺。这是个积极的信号。,2024-08-08 11:02:25,0,0
146,42,18,,BÜNGENER博根拿的产品如果真的像新闻里说的那样好，那真是太好了。希望能尽快在市场上看到他们的产品，给我的宠物试一试。,2024-08-08 11:02:26,0,0
147,43,7,,添添萌推出的高浓度益生元听起来很不错，能够帮助调节宠物的肠道健康。包装设计也很贴心，方便携带和使用，期待能给我的宠物试一试。,2024-08-08 11:02:27,0,0
148,43,12,,看到添添萌与厦门大学的合作，感觉他们的产品更有科学依据，很期待他们未来能推出更多有助于宠物健康的产品。希望国产宠物保健品越来越好。,2024-08-08 11:02:28,0,0
149,44,20,,淘豆玩国的展位设计很有创意，特别是那个香氛体验区，听起来就能让人感受到产品的魅力。期待能在亚宠展上亲身体验一下。,2024-08-08 11:02:29,0,0
150,44,8,,看到淘豆玩国和纳爱斯集团的关系，感觉品牌背后有强大的技术支持，产品肯定值得信赖。希望他们能推出更多创新的宠物用品。,2024-08-08 11:02:30,0,0
151,44,1,,淘豆玩国的营销策略很新颖，尤其是和亚宠展的联名包袋，既实用又有品牌特色。期待他们未来能有更多有趣的活动和产品。,2024-08-08 11:02:31,0,0
152,45,2,,宠物医生真的很不容易，工作强度大，收入还不高。希望这个行业能得到更多支持，让真正热爱这份工作的医生能有更好的发展。,2024-08-08 11:02:32,0,0
153,45,14,152,非常同意！宠物医生的工作既辛苦又充满挑战，他们对动物健康的贡献值得更多认可和支持。希望未来能有更多的措施来改善他们的工作环境和发展前景。,2024-08-08 11:02:33,0,0
154,45,17,,国内宠物医疗行业的发展空间很大，特别是国产宠物药品的研发，期待能看到更多高质量的国产宠物药品上市。,2024-08-08 11:02:34,0,0
155,45,5,,宠物医疗行业的现状确实复杂，既有高昂的成本压力，也有人才短缺的问题。希望政府和社会能提供更多支持，让这个行业健康发展。,2024-08-08 11:02:35,0,0
156,46,18,,看到宠物市场这么快的增长速度，感觉这个行业前景非常好。希望佩蒂股份和中宠股份这样的公司能抓住机会，推出更多优质的产品。,2024-08-08 11:02:36,0,0
157,46,9,,宠物消费市场的扩大反映了人们生活水平的提高和对宠物的重视。期待未来能看到更多创新的宠物用品和服务。,2024-08-08 11:02:37,0,0
158,47,1,,日本的宠物殡葬服务真是越来越周到了，可以看出人们对宠物的感情非常深厚。希望这样的服务也能在其他国家普及开来。,2024-08-08 11:02:38,0,0
159,47,3,,看到宠物丧失咖啡的概念，感觉很温馨。有时候，和别人分享失去宠物的感受确实能带来一些安慰。,2024-08-08 11:02:39,0,0
160,47,8,,5万日元起的宠物葬礼服务虽然价格不菲，但对于那些将宠物视为家庭成员的人来说，这样的花费也许是很值得的。,2024-08-08 11:02:40,0,0
161,48,16,,宠物医院的设备确实很贵，再加上租金和人才成本，难怪价格会比较高。但是还是希望能有更多的透明度和合理的价格。,2024-08-08 11:02:41,0,0
162,48,14,,我们的宠物对我们来说就像家人一样，所以即便价格高，我们也愿意为它们支付。只是希望宠物医院能更加人性化一些。,2024-08-08 11:02:42,0,0
163,48,12,162,完全理解您的感受！宠物确实是家庭的一部分，为了它们的健康，主人们通常愿意付出更多。希望宠物医疗服务能够更加贴心和人性化，更好地满足宠物和主人的需求。,2024-08-08 11:02:43,0,0
164,48,4,,虽然理解宠物医院的成本，但有时候感觉像是被宰割。希望相关部门能出台政策规范市场，让宠物医疗服务更加公平合理。,2024-08-08 11:02:44,0,0
165,49,5,,宠物主人应该对自己的宠物负责，特别是在公共场所。希望这次事件能让更多人意识到文明养犬的重要性。,2024-08-08 11:02:45,0,0
166,49,18,,犬只追逐小孩确实很危险，幸好这次没有造成严重的后果。希望宠物主人能以此为戒，严格遵守相关规定。,2024-08-08 11:02:46,0,0
167,50,3,,德妈Goodmom的新品宠物烘干护理箱看起来很高级，功能也很全面，希望我家的狗狗能适应这种新型的烘干方式。,2024-08-08 11:02:47,0,0
168,50,16,,德妈Goodmom这次展出的新品真是让人眼前一亮，特别是那个纳米消毒功能，感觉对宠物健康很有帮助。,2024-08-08 11:02:48,0,0
169,50,17,,看到德妈Goodmom参加了亚洲宠物展，感觉这个品牌很有潜力。期待他们未来能推出更多创新的宠物用品。,2024-08-08 11:02:49,0,0
170,51,6,,这种情况下，确实需要尽快捕捉这只狗，以防更多人受伤。同时也希望被咬伤的人能够及时就医。,2024-08-08 11:02:50,0,0
171,51,19,170,确实如此，确保公众安全是首要任务，同时也要关注受害者的健康状况。希望相关人员能够得到妥善处理和治疗。,2024-08-08 11:02:51,0,0
172,51,7,,养狗一定要负责任，不能让宠物随便伤害他人。希望相关部门能出台更严格的养犬规定。,2024-08-08 11:02:52,0,0
173,51,10,,这样的事件再次提醒我们，外出遛狗时必须拴好绳子，并佩戴嘴套，以免意外发生。,2024-08-08 11:02:53,0,0
174,52,3,,现在的宠物寄养服务真是越来越高端了，不仅有专门的房间，还有各种配套设施和服务。虽然价格不菲，但为了宠物的舒适和安全，我觉得值得。,2024-08-08 11:02:54,0,0
175,52,20,,宠物培训的价格跨度这么大，看来可以根据宠物的具体需求来选择合适的服务。希望这样的服务能让宠物更好地融入我们的生活。,2024-08-08 11:02:55,0,0
176,53,5,,希望铁路部门能推出宠物车厢，这样节假日回家就可以带上我的小狗了。只要做好防护措施，我觉得是可以接受的。,2024-08-08 11:02:56,0,0
177,53,11,,宠物车厢听起来不错，但也要考虑到非宠物主人的感受。毕竟，不是每个人都喜欢宠物，也需要保证车厢的卫生和安全。,2024-08-08 11:02:57,0,0
178,53,4,,如果真的能实现宠物车厢，那就太好了。不过，还是要注意宠物的管理和约束，确保不影响其他乘客的旅途体验。,2024-08-08 11:02:58,0,0
179,54,7,,真是科技进步的一大步！希望克隆技术能帮助更多失去宠物的家庭找回快乐。,2024-08-08 11:02:59,0,0
180,54,19,,“大蒜”这个名字真是太有趣了，克隆技术让这只可爱的小猫得以重生，感觉很神奇。,2024-08-08 11:03:00,0,0
181,54,1,180,确实很神奇！“大蒜”这个名字也很有特色。克隆技术不仅令人惊叹，也为失去宠物的家庭带来了新的希望和慰藉。,2024-08-08 11:03:01,0,0
182,54,12,,虽然技术很先进，但我还是担心克隆宠物可能会带来的一些伦理和健康问题。希望在这方面能有更多的研究和讨论。,2024-08-08 11:03:02,0,0
183,55,11,,这样的活动太有意义了！不仅能增进人与宠物的感情，还能提升公众对文明养宠的认识。希望这样的活动能越来越多，让我们的城市更加宠物友好。,2024-08-08 11:03:03,0,0
184,55,13,,罗湖区在宠物友好方面做得真好，不仅有丰富的活动，还有专门的空间给宠物玩耍。期待我家附近也能有这样的宠物友好公园，让我的小家伙也能享受一下。,2024-08-08 11:03:04,0,0
185,56,5,,都乐时DOLOSH这次的展位设计真是太有创意了！“都乐时号”听起来就像一艘充满乐趣的船，加上那些互动游戏，感觉就像是参加了一场派对。希望以后还能看到更多这样有意思的展览。,2024-08-08 11:03:05,0,0
186,56,19,,他们发布的高纯磷虾油听起来非常不错，尤其是对于宠物的健康来说。我最近也在寻找一些能帮助我家狗狗毛发更亮丽的产品，这个新品似乎是个很好的选择。,2024-08-08 11:03:06,0,0
187,56,9,,与青岛农业大学的合作听起来很有前景，期待都乐时DOLOSH能推出更多基于科学研究的宠物食品。毕竟，给宠物最好的营养才能保证它们健康长寿嘛！,2024-08-08 11:03:07,0,0
188,57,8,,珍致这次推出的“早干晚湿，平衡饲喂”理念挺新颖的，既能保证营养均衡，又能满足猫咪对美味的需求，很期待尝试一下。,2024-08-08 11:03:08,0,0
189,57,6,,低脂高蛋白的配方听起来非常适合我家猫咪，希望能帮助它控制体重，保持健康的瘦体重。,2024-08-08 11:03:09,0,0
190,57,11,,“一餐一罐”的概念真的很方便，既能保证新鲜度，又能减少浪费，对于忙碌的上班族来说是个不错的选择。,2024-08-08 11:03:10,0,0
191,57,18,190,非常同意！“一餐一罐”的概念既便捷又环保，非常适合忙碌的现代生活方式，有助于保持宠物饮食的新鲜和均衡。,2024-08-08 11:03:11,0,0
192,58,2,,狂犬病疫苗的接种确实很重要，不能掉以轻心。即使是家养的宠物，也不能完全排除风险。希望大家都能按照正确的程序接种疫苗。,2024-08-08 11:03:12,0,0
193,58,9,,夏天确实是宠物容易激动的时候，家长们要注意看好自己的宠物，同时也得保护好自己，万一被咬伤了要及时处理。,2024-08-08 11:03:13,0,0
194,59,10,,这个想法真是太棒了！狗狗们能享受到如此舒适的飞行体验，希望未来票价能降下来，让更多人和他们的宠物能享受到这样的服务。,2024-08-08 11:03:14,0,0
195,59,6,,汪汪航空听起来很有趣，不过6000美元的票价确实不便宜。希望他们能扩大规模，降低成本，让更多人有机会带宠物一起旅行。,2024-08-08 11:03:15,0,0
196,59,16,,这样的航空公司真是宠物爱好者的福音！狗狗们可以在飞行中自由活动，这对于长途旅行来说是一个非常好的选择。,2024-08-08 11:03:16,0,0
197,60,3,,这样的商家真是太不负责任了，不仅性别搞错，连最基本的健康保障都没有做到。希望消费者们在购买宠物时一定要小心谨慎。,2024-08-08 11:03:17,0,0
198,60,19,197,确实如此，遇到这种情况确实令人失望。消费者在购买宠物时确实需要谨慎选择信誉好的商家，并尽可能了解宠物的基本情况和健康状况。,2024-08-08 11:03:18,0,0
199,60,18,,24000元的赔偿金算是对商家的一个警示，希望更多商家能够从中吸取教训，诚信经营。,2024-08-08 11:03:19,0,0
200,60,15,,这次事件再次提醒大家，购买宠物不仅要考虑价格，更要关注宠物的健康状况和商家的服务质量。,2024-08-08 11:03:20,0,0
201,61,4,,爱它宠这次的新品看起来很不错，特别是那个草本A+系列，用的是天然植物成分，对猫咪来说应该是比较健康的选择。,2024-08-08 11:03:21,0,0
202,61,11,,看到爱它宠注重产品的研发和品质，还跟这么多知名院校合作，感觉他们的产品值得信赖。期待新品的表现！,2024-08-08 11:03:22,0,0
203,62,13,,这个判决挺合理的，养犬人士确实应该对自己的宠物负责，确保它们不会给他人带来伤害。希望这样的事件能提醒大家加强宠物管理。,2024-08-08 11:03:23,0,0
204,62,20,,看到汪阿姨的遭遇真是让人惋惜。宠物主人应该更加注意，特别是在公共场所，避免类似悲剧的发生。,2024-08-08 11:03:24,0,0
205,62,1,,法院的判决给了养犬人士一个明确的信号：不遵守规定会有法律后果。希望这样的案例能让更多人认识到文明养犬的重要性。,2024-08-08 11:03:25,0,0
206,63,9,,宠物健康越来越受到重视了，金盾药业推出的新药听起来很有用，希望我家毛孩子以后如果遇到皮肤问题也有更好的选择。,2024-08-08 11:03:26,0,0
207,63,10,206,确实，宠物健康日益受到重视。金盾药业的新药为宠物皮肤问题提供了新的解决方案，这对于宠物主人来说是个好消息，希望您的宠物能保持健康，必要时有更多有效的治疗选择。,2024-08-08 11:03:27,0,0
208,63,17,,看到这么多专家都对皮特芬盐酸特比萘芬片给予好评，感觉宠物医疗行业又向前迈进了一大步，宠物主人们可以更放心了。,2024-08-08 11:03:28,0,0
209,63,11,,皮特芬盐酸特比萘芬片配合外用搽剂，内外兼治，这下宠物医生们对付顽固的真菌病就有新武器了，点赞！,2024-08-08 11:03:29,0,0
210,64,13,,我完全同意文章的观点！自从给家里的狗狗设置了专门的活动区后，它明显更开心了，也不再乱咬家具了。家里整洁了不少，狗狗也更健康活泼。,2024-08-08 11:03:30,0,0
211,64,1,,为宠物营造一个温馨、安全的家真的很重要。我家猫咪特别爱它的吊床和猫树，每天看到它在上面打滚就觉得很满足。宠物的快乐就是主人最大的幸福！,2024-08-08 11:03:31,0,0
212,65,15,,确实，狗狗喝水的习惯变化可能是健康问题的信号。我家狗狗有一次突然喝水增多，后来发现是轻微的尿路感染，幸好及时治疗了。,2024-08-08 11:03:32,0,0
213,65,14,,注意狗狗的饮水量是很重要的，特别是夏天。我每天都给我的狗狗准备充足的清水，确保它随时可以喝水。,2024-08-08 11:03:33,0,0
214,65,5,,狗狗的健康需要我们细心观察。一旦发现异常，比如喝水增多或减少，最好及时咨询兽医，以免错过治疗的最佳时机。,2024-08-08 11:03:34,0,0
215,66,16,,佩布尔斯能活到22岁真是太不可思议了！看来主人的细心照料和爱护真的很重要。希望我家的狗狗也能健康长寿。,2024-08-08 11:03:35,0,0
216,66,9,,看到佩布尔斯的故事，我更加坚信给宠物一个充满爱的家是多么重要。愿所有的小动物都能得到最好的照顾。,2024-08-08 11:03:36,0,0
217,66,19,,22岁相当于人类的140岁，这简直是奇迹！佩布尔斯一定是在一个非常幸福的家庭中度过了它的一生。,2024-08-08 11:03:37,0,0
218,66,1,217,确实是个奇迹！佩布尔斯能够活到如此高龄，肯定得益于它所处的关爱环境。长寿的宠物往往有着幸福的家庭和良好的照顾，这真是令人欣慰。,2024-08-08 11:03:38,0,0
219,67,11,,宠物的健康同样重要，希望相关部门能尽快查明真相，确保宠物食品的安全。,2024-08-08 11:03:39,0,0
220,67,3,,这样的事件让人担忧，期待官方能给出明确的调查结果，保护宠物不受伤害。,2024-08-08 11:03:40,0,0
221,68,14,,人宠共居的设计理念真的很新颖，期待能看到更多创新的产品，让宠物和我们一起享受更美好的生活。,2024-08-08 11:03:41,0,0
222,68,4,,亚洲宠物展览会一直都是宠物行业的风向标，今年的主题特别有意思，希望能发掘出更多优秀的设计人才和产品。,2024-08-08 11:03:42,0,0
223,68,15,,这次展会增设的人宠生活专区听起来很有趣，希望能找到一些实用又美观的家居用品，让我的宠物也能享受到高品质的生活。,2024-08-08 11:03:43,0,0
224,69,9,,这个判决很合理，养宠物确实要负起责任。希望更多的宠物主人能以此为鉴，确保宠物不会给他人带来伤害。,2024-08-08 11:03:44,0,0
225,69,16,,张某的遭遇真是让人同情，狗狗追逐导致的伤害有时候很难预料。宠物主人确实需要加强管理，确保宠物的安全。,2024-08-08 11:03:45,0,0
226,69,12,225,确实如此，宠物主人的责任重大，需要确保宠物不会对他人的安全造成威胁。张某的遭遇提醒我们，加强对宠物的管理和训练是非常重要的。,2024-08-08 11:03:46,0,0
227,69,19,,这样的案例再次强调了文明养宠的重要性。希望宠物主人能意识到自己的责任，让社会更加和谐。,2024-08-08 11:03:47,0,0
228,70,7,,这个专科的成立真是太好了！肠道健康对宠物来说真的很重要，期待能有更多专业的治疗方法帮助我们的宠物保持健康。,2024-08-08 11:03:48,0,0
229,70,14,,四川农业大学和四川厌氧生物的合作听起来非常专业，希望能为宠物提供更科学、更个性化的健康管理服务，让宠物和主人都能安心。,2024-08-08 11:03:49,0,0
230,71,8,,春天确实是宠物皮肤病高发的季节，定期给宠物做体内外驱虫真的很重要。我家狗狗每次出去玩回来我都会仔细检查一遍。,2024-08-08 11:03:50,0,0
231,71,16,,华医生的建议很实用，定期洗澡和驱虫对宠物和主人都好。我还打算给宠物买些防虫项圈，希望今年能顺利度过换毛期。,2024-08-08 11:03:51,0,0
232,71,6,,春天带宠物出去玩一定要小心，蜱虫真的很可怕。我已经提前给我的狗狗做了体外驱虫，还准备了一些防虫喷雾，希望能平安度过这个季节。,2024-08-08 11:03:52,0,0
233,72,5,,通州海关的这些措施真是太贴心了！宠物也能有自己的“签证”，让出国变得更简单了。,2024-08-08 11:03:53,0,0
234,72,19,233,确实很方便！通州海关推出的这些措施大大简化了携带宠物出国的流程，让宠物也能享受到更加人性化的服务，这对于宠物主人来说是个非常好的消息。,2024-08-08 11:03:54,0,0
235,72,14,,看到通州海关这么努力地简化流程，感觉政府部门也在与时俱进，服务越来越人性化了。,2024-08-08 11:03:55,0,0
236,72,15,,有了这些自助终端机和远程翻译服务，即使是语言不通的外籍人士也能轻松办理宠物的出境手续，真是太好了！,2024-08-08 11:03:56,0,0
237,73,12,,领养宠物是一件好事，但还是要谨慎签订合同。这个案例提醒我们，要确保合同条款公平合理，同时也要注意宠物的健康状况。,2024-08-08 11:03:57,0,0
238,73,3,,法院的判决很公正，既保护了宠物店的利益，也没有让领养者承担过重的责任。希望这样的案例能让领养双方都更加诚信和负责任。,2024-08-08 11:03:58,0,0
239,74,7,,支持修法！文明养宠很重要，希望这次修法能有效解决宠物伤人和环境污染的问题。,2024-08-08 11:03:59,0,0
240,74,1,,早就该修订了，《养犬条例》跟不上时代的变化。希望新的法规能更好地规范养宠行为，保护公共安全和环境卫生。,2024-08-08 11:04:00,0,0
241,74,11,,期待新条例的出台，希望它能解决虐待和遗弃宠物的问题，让宠物和人都能和谐共处。,2024-08-08 11:04:01,0,0
242,75,6,,这样的活动太有意义了！通过小朋友的手工作品来传播文明养犬理念，既温馨又有效。希望我家附近的社区也能有这样的活动。,2024-08-08 11:04:02,0,0
243,75,16,242,非常同意！这样的活动不仅富有教育意义，还能增进社区内的和谐氛围。希望未来能有更多类似的活动在各地展开，提高大家文明养犬的意识。,2024-08-08 11:04:03,0,0
244,75,10,,作为养犬多年的主人，我觉得这样的活动很有必要。不仅能学到养犬知识，还能增强邻里间的相互理解和尊重。希望更多的人能参与到这样的活动中来。,2024-08-08 11:04:04,0,0
245,75,15,,非常赞许星光幼儿园的做法，让孩子们从小就学会负责任地对待宠物，这对培养下一代的公民意识非常重要。期待未来能看到更多类似的活动。,2024-08-08 11:04:05,0,0
246,76,19,,学会看懂宠物食品标签真的很重要！以前我总是随便买，现在知道了要看原料和营养成分，尤其是蛋白和脂肪含量，这样才能保证我家毛孩子的健康。,2024-08-08 11:04:06,0,0
247,76,18,,终于知道怎么选适合我家狗狗的干粮了！之前一直不清楚那些专业术语是什么意思，现在明白了，以后挑选的时候就可以有针对性了，感谢科普！,2024-08-08 11:04:07,0,0
248,77,17,,最高法的这些规定很有针对性，希望养宠物的人都能遵守法律法规，文明养宠，这样才能营造和谐的社会环境。,2024-08-08 11:04:08,0,0
249,77,2,,看了这些案例，觉得养宠物真的不能随心所欲，一定要负责任。不仅要对自己的宠物负责，也要对周围的人和社会负责。,2024-08-08 11:04:09,0,0
250,77,5,,这些规定很明确，有助于减少宠物伤人事件的发生。希望政府部门也能加强监管，确保大家都遵守规定，共同维护公共安全。,2024-08-08 11:04:10,0,0
251,78,20,,看来新冠病毒的影响范围越来越广了，连宠物都开始受影响。希望科学家们能尽快研究清楚，保护好我们的毛孩子。,2024-08-08 11:04:11,0,0
252,78,19,,虽然宠物感染的情况很少，但也不能掉以轻心。作为宠物主人，我们要更加注意宠物的健康和安全。,2024-08-08 11:04:12,0,0
253,78,3,251,确实如此，新冠病毒的影响十分广泛。希望科研人员能够进一步研究宠物感染的情况，并提供相应的防护措施，确保宠物和人类的健康安全。,2024-08-08 11:04:13,0,0
254,78,11,,宠物的心脏问题与新冠病毒有关联吗？这还需要更多的数据来证实。无论如何，作为宠物主人，我会密切关注这方面的进展。,2024-08-08 11:04:14,0,0
255,79,1,,海关的工作做得真不错！严防外来物种入侵对保护咱们的生态环境太重要了，希望这项行动能持续下去，让我们的生态环境更加安全。,2024-08-08 11:04:15,0,0
256,79,12,,看到这些数据真是让人放心，海关的努力让我们远离了很多潜在的危害。外来物种入侵是个大问题，大家一起努力，保护好我们的家园。,2024-08-08 11:04:16,0,0
257,80,6,,这个做法确实有点冒险，幸好现在猫都被安全带走了。希望动物园今后能采取更科学的方法来控制鼠患。,2024-08-08 11:04:17,0,0
258,80,14,,猴子和猫能和平相处这么久，真是个奇迹。不过还是希望动物园能考虑到动物福利和安全，采取更合理的措施。,2024-08-08 11:04:18,0,0
259,80,7,,专家的建议很有道理，用猫除鼠患虽然初衷是好的，但也存在风险。希望动物园能在未来的管理中更加注重生态平衡和动物保护。,2024-08-08 11:04:19,0,0
260,81,5,,看到这样的新闻真是让人担心！宠物的生命也很宝贵，希望宠物医院都能遵守规定，用正规药品治疗。,2024-08-08 11:04:20,0,0
261,81,9,,这些宠物医院的行为太不负责任了！宠物也是家庭的一部分，希望有关部门能加强监管，保护好我们的毛孩子。,2024-08-08 11:04:21,0,0
262,81,18,261,非常理解您的担忧！宠物确实是家庭的重要成员，加强宠物医院的监管，确保它们提供高质量的服务是非常必要的。希望相关部门能够采取有效措施，保护宠物及其主人的利益。,2024-08-08 11:04:22,0,0
263,81,17,,选择宠物医院一定要慎重！希望大家都能提高警惕，也希望政府能加大监管力度，保障宠物的健康安全。,2024-08-08 11:04:23,0,0
264,82,8,,这项法案真是太棒了！对于忙碌的宠主来说，远程医疗服务既方便又实用。希望这种模式能推广到更多地方。,2024-08-08 11:04:24,0,0
265,82,1,,虽然远程医疗很便捷，但在紧急情况下还是要亲自带宠物去看医生。毕竟宠物不能说话，面对面的诊断还是很重要的。,2024-08-08 11:04:25,0,0
266,83,11,,禁止吃狗肉是进步的表现，但确实需要妥善解决狗场的补偿和犬只的安置问题。希望政府能制定出合理的方案。,2024-08-08 11:04:26,0,0
267,83,15,,吃不吃狗肉是个人选择，但立法前应该充分听取各方意见，确保公平合理。补偿金额太高的话，可能会给财政带来很大负担。,2024-08-08 11:04:27,0,0
268,83,20,,这个问题很复杂，既要考虑到动物福利，也要照顾到从业者的生计。希望政府能找到一个平衡点，做出明智的决策。,2024-08-08 11:04:28,0,0
269,84,3,,这个研究很有意义，提醒了我们喂食生肉可能带来的风险。作为宠物主人，我们需要更加谨慎地选择宠物的食物。,2024-08-08 11:04:29,0,0
270,84,16,,大肠杆菌耐药性的问题不容忽视，希望有关部门能加强对生肉制品的监管，确保食品安全。,2024-08-08 11:04:30,0,0
271,84,17,,没想到生肉喂食对宠物和人类都有潜在的危害。为了大家的健康，确实应该考虑改用非生食的宠物食品。,2024-08-08 11:04:31,0,0
272,84,12,271,确实如此！考虑到生肉喂食可能带来的健康风险，使用经过适当处理的宠物食品是一个更安全的选择。这样不仅能保护宠物的健康，也能降低对人类健康的潜在威胁。,2024-08-08 11:04:32,0,0
273,85,2,,禁止吃狗肉是进步的表现，但政府也应该给予受影响的从业者适当的补偿和支持，帮助他们转型。,2024-08-08 11:04:33,0,0
274,85,15,,尽管传统很重要，但我们也应该考虑到动物福利和现代社会的价值观。希望这次禁令能够顺利实施，开启新篇章。,2024-08-08 11:04:34,0,0
275,86,6,,买宠物前一定要仔细检查宠物的健康状况，最好能拿到疫苗接种证明。这个案例提醒我们，购买宠物时要谨慎，出现问题要及时维权。,2024-08-08 11:04:35,0,0
276,86,18,,卖宠物的商家应该负起责任，确保出售的宠物健康无病。这个判决给了商家一个警示，不能只顾赚钱而不顾消费者的权益。,2024-08-08 11:04:36,0,0
277,86,7,,买宠物和卖宠物都要讲诚信，双方都应该为宠物的健康负责。希望这样的纠纷越来越少，宠物市场能够更加规范。,2024-08-08 11:04:37,0,0
278,87,8,,宠物真的成了家庭的一部分，看着它们快乐的样子，自己也会很开心。希望宠物经济能提供更多高品质的产品和服务。,2024-08-08 11:04:38,0,0
279,87,5,,我家狗狗就像是我的孩子一样，我愿意为它花钱买最好的食物和玩具。宠物经济的发展让我们有了更多选择，挺好的。,2024-08-08 11:04:39,0,0
280,87,4,279,完全理解您的感受！宠物确实成为了许多家庭不可或缺的一员。宠物经济的发展不仅丰富了市场，也让宠物主人有了更多高品质的选择，这对宠物的健康和幸福是非常有益的。,2024-08-08 11:04:40,0,0
281,87,2,,宠物经济的兴起体现了人们对宠物的爱护和重视。我也经常给我的猫咪买些小零食和玩具，看着它开心我就觉得值了。,2024-08-08 11:04:41,0,0
282,88,9,,哈哈，这画面太逗了！我家狗狗也有过类似的经历，睡醒后就像个小狮子，自然的造型真的很有趣。,2024-08-08 11:04:42,0,0
283,88,15,,看来我家狗狗也可以省下一笔烫发的钱了！这静电造型真是既省钱又独特，希望它每天都能给我带来这样的惊喜。,2024-08-08 11:04:43,0,0
284,89,14,,弗雷迪不仅体型巨大，而且性格也十分温柔，真是个温柔的巨人。愿它在彩虹桥那边安好。,2024-08-08 11:04:44,0,0
285,89,11,,失去了这样一个家庭成员一定非常难过，我的心与它的主人同在。弗雷迪肯定给周围的人带来了许多欢乐。,2024-08-08 11:04:45,0,0
286,89,7,,看到这样的消息总是让人有些伤感。弗雷迪看起来就像一个大宝宝！希望它的主人们能够坚强。,2024-08-08 11:04:46,0,0
287,90,19,,这个故事太感人了！狗狗之间的爱意和保护本能真的让人泪目。希望它们都能有一个温暖的新家。,2024-08-08 11:04:47,0,0
288,90,18,,狗狗的智慧和情感真是不可思议，尤其是那只勇敢的狗爸爸，它的行为展现了真正的责任感。祝福它们全家！,2024-08-08 11:04:48,0,0
289,90,5,,真是太棒了，看到这样的故事总能让我相信这个世界还是充满爱的。感谢那些无私的救援人员！,2024-08-08 11:04:49,0,0
290,90,20,288,确实非常感人！狗狗展现出的情感深度和责任感常常让人惊讶和感动。这样的故事也提醒我们要更加珍惜和尊重我们的宠物伙伴。祝福它们全家幸福安康！,2024-08-08 11:04:50,0,0
291,91,11,,太好了，这种造假的行为就应该受到严惩！消费者辛辛苦苦赚的钱，结果买到的是假货，这对品牌的信任度也是极大的伤害。希望警方继续加大打击力度，让消费者能够放心购物。,2024-08-08 11:04:51,0,0
292,91,4,,这种仿冒名牌的行为实在太恶劣了，不仅损害了品牌的利益，也让真正需要优质宠物用品的宠主们蒙受损失。希望电商平台也能加强监管，不让这些假冒产品有生存空间。,2024-08-08 11:04:52,0,0
293,92,1,,我完全同意崔霞的看法，只要宠物不给他人带来麻烦，偶尔带它们出门是可以的。不过我也赞同公共场所的规定，毕竟我们不能忽视其他人的感受。希望每个铲屎官都能做到文明养宠，共同营造和谐的环境。,2024-08-08 11:04:53,0,0
294,92,10,,带宠物进入公共场所确实是个敏感话题。我自己也养了宠物，但我从不带它们去餐厅或者超市。我认为尊重他人的感受很重要，而且我们应该遵守公共场合的规定，这样才能让大家都舒心。,2024-08-08 11:04:54,0,0
295,92,2,,石晓龙的观点我很赞同。我曾经在餐厅吃饭时遇到过类似的情况，确实感觉很不舒服。虽然我理解铲屎官们对宠物的喜爱，但在公共场所应该考虑到他人的感受。宠物不应该出现在餐馆或者超市这样的地方，毕竟这是对公共卫生的一种基本尊重。,2024-08-08 11:04:55,0,0
296,93,6,,宠物对我来说就像家人一样，如果非要带它们出行，我希望航空公司能提供更安全舒适的运输环境。人宠同舱听起来不错，但也要确保不会打扰到其他乘客。,2024-08-08 11:04:56,0,0
297,93,5,,宠物托运的确需要更多的专业性和人性化服务。希望航空公司能够重视宠物的安全和舒适，同时也考虑到其他乘客的感受，找到一个平衡点。,2024-08-08 11:04:57,0,0
298,93,20,,作为宠物主人，我最关心的就是宠物在运输过程中的安全。如果航空公司能提供完善的设施和服务，我愿意支付额外的费用来保障我的宠物。,2024-08-08 11:04:58,0,0
299,93,14,298,非常理解您的关切！确保宠物在运输过程中的安全与舒适至关重要。越来越多的航空公司提供专业且贴心的服务，这让宠物主人在旅途中更加安心。,2024-08-08 11:04:59,0,0
300,94,3,,这样的造假行为真是太可恶了！宠物是我们家庭的一部分，假冒的宠物粮不仅欺骗了我们，还可能对宠物的健康造成威胁。支持警方严厉打击这类犯罪行为，保护消费者的权益。,2024-08-08 11:05:00,0,0
301,94,1,,买宠物粮一定要谨慎，最好通过官方渠道购买。这些案例提醒我们，即使是看起来正规的网店也可能有问题。希望电商平台能够加强监管，减少假冒产品的流通。,2024-08-08 11:05:01,0,0
302,95,12,,母爱不分物种，这只流浪狗妈妈的行为真是让人感动。希望有好心人能够帮助它们，给它们一个温暖的家。,2024-08-08 11:05:02,0,0
303,95,6,,这样的场景让人心里酸酸的。流浪动物的生活太艰难了，特别是带着幼崽的母狗。希望社区能有更多的救助项目，帮助这些无助的生命。,2024-08-08 11:05:03,0,0
304,95,20,,看到这样的画面，真心希望能有更多的人关注流浪动物的困境。母爱的伟大在这里展现得淋漓尽致，我们应该尽力去帮助它们。,2024-08-08 11:05:04,0,0
305,96,11,,哈哈，这狗子简直就是拆家小能手啊！还好女朋友宽容大度，不然这可真是“拆”掉了约会的好心情。,2024-08-08 11:05:05,0,0
306,96,3,,看来这位朋友下次出门前得好好想想怎么安置这位“拆迁队长”了。不过能遇到这么理解的女友，也算幸运了。,2024-08-08 11:05:06,0,0
307,96,2,305,确实很有趣！狗狗有时会给我们带来意外的“惊喜”。好在有宽容的心态，这样的小插曲也能成为生活中的美好回忆。,2024-08-08 11:05:07,0,0
308,96,12,,狗狗可能是感到焦虑才会这么做，建议主人多花点时间和精力训练它，让它学会独处。幸好女友没有因此生气，真是个好结局！,2024-08-08 11:05:08,0,0
309,97,8,,福仔真是个小英雄！它的故事证明了体型并不是衡量能力的标准。看到它克服困难，展现出非凡的能力，真是太鼓舞人心了。希望福仔能在未来的任务中大展身手！,2024-08-08 11:05:09,0,0
310,97,6,,训练福仔的过程肯定不容易，但结果证明了一切努力都是值得的。这只小柯基不仅打破了常规，还为我们展示了警犬训练的新可能。期待福仔未来的表现！,2024-08-08 11:05:10,0,0
311,98,16,,很庆幸沈大伯能够及时得到救治并康复。这个案例提醒我们，当出现不明原因的病症时，一定要及时就医，不要自行用药，以免延误病情。,2024-08-08 11:05:11,0,0
312,98,17,,多杀巴斯德菌的感染听起来挺可怕的，尤其是对于有基础疾病的老年人来说。希望宠物主人能够更加重视宠物的健康，定期带宠物做检查，避免这类事情再次发生。,2024-08-08 11:05:12,0,0
313,98,10,,宠物确实能给我们带来快乐，但也需要我们负责任地对待它们。定期为宠物接种疫苗和体检非常重要，同时也应该注意个人卫生，避免不必要的风险。,2024-08-08 11:05:13,0,0
314,99,9,,宠物对我们来说意义重大，看到宠物殡葬行业的发展，我觉得这是一个很好的趋势。宠物也应该得到尊严和尊重的告别。希望这个行业能够越来越规范，让更多铲屎官能够安心送别自己的小伙伴。,2024-08-08 11:05:14,0,0
315,99,8,,我觉得将宠物的骨灰制成纪念品是一个很好的想法，这样可以长久地保留与宠物的回忆。不过，我也同意应该有统一的服务标准，这样消费者才能更加放心地选择服务。,2024-08-08 11:05:15,0,0
316,99,20,315,确实，将宠物的骨灰制成纪念品是一种特别的方式来缅怀宠物，这种方式对许多人来说意义重大。统一的服务标准能够提升服务质量，让消费者更加安心。这是一个既有情感价值又注重规范的好主意。,2024-08-08 11:05:16,0,0
317,99,18,,无论是哪种形式的告别，最重要的是对宠物的尊重和爱护。看到这个行业的发展，我相信随着更多人对宠物的情感认同，未来宠物殡葬服务会更加完善和人性化。,2024-08-08 11:05:17,0,0
318,100,15,,法院的判决体现了对消费者评价权的保护，这对于维护消费者权益和促进商家服务改善是非常重要的。希望商家能够从中吸取教训，提高服务质量，而不是一味地回避问题。,2024-08-08 11:05:18,0,0
319,100,7,,这个案例提醒了我们，消费者有权发表真实的评价，即使语气强烈，只要基于事实就不算侵权。同时，商家也应该更加注重服务质量和客户体验，而不是仅仅关注评价的好坏。,2024-08-08 11:05:19,0,0
320,101,19,,看来宠物经济真的前景广阔，随着人们对宠物投入越来越多的情感，宠物行业肯定会迎来更大的发展机遇。希望这些增长能让宠物获得更好的照顾和服务。,2024-08-08 11:05:20,0,0
321,101,13,,宠物医疗保健的创新太重要了，我家的宠物就像是家庭成员一样，如果能有更多先进的治疗方法，那对于我们宠物主人来说真是个好消息。,2024-08-08 11:05:21,0,0
322,101,6,,电子商务在宠物行业中扮演的角色越来越大，我经常在Chewy和亚马逊上给我的宠物买东西，方便快捷。看来未来线上购物会更加流行，希望能有更多的优惠和更好的服务。,2024-08-08 11:05:22,0,0
323,102,1,,这次巴黎奥运会开幕式真的很震撼，将开幕式放在塞纳河上举行是个非常有创意的想法。同时，我也非常支持对动物福利的关注，保护马匹免受虐待是正确的做法。,2024-08-08 11:05:23,0,0
324,102,2,,看到杜雅尔丹和克鲁斯因为虐待动物而失去参赛资格，我觉得这是个正确的决定。奥运会应该树立正面榜样，动物福利不容忽视。,2024-08-08 11:05:24,0,0
325,102,8,324,完全同意您的看法！奥运会作为一个展现体育精神的平台，确实应当强调正面榜样和道德标准。保护动物福利是非常重要的，这样的决定有助于维护体育的纯洁性和道德底线。,2024-08-08 11:05:25,0,0
326,102,20,,第四届亚洲小动物专科医师大会的举办很有意义，期待能够听到更多关于动物福利的最新进展和技术交流，共同推动兽医行业的发展。,2024-08-08 11:05:26,0,0
327,103,18,,这样的重逢真是太感人了！宠物和主人之间的情感纽带真的很深，希望大姐能好好珍惜这次重逢的机会，给小狗一个温暖的家。,2024-08-08 11:05:27,0,0
328,103,15,,看到这样的故事总是让人热泪盈眶。宠物走丢后还能找回真是太幸运了，也提醒我们要时刻注意宠物的安全，尽量避免它们走失。,2024-08-08 11:05:28,0,0
329,104,7,,日本的宠物养老院真是太贴心了！宠物也是家庭的一部分，看到有这样的服务真是太好了。希望这种模式也能推广到其他国家。,2024-08-08 11:05:29,0,0
330,104,19,,这样的养老院不仅对宠物好，对宠物主人也是一种安慰。知道自己的宠物在年老时也能得到很好的照顾，真是太让人放心了。,2024-08-08 11:05:30,0,0
331,104,13,,日本在宠物关怀方面做得真是太到位了，不仅考虑到了宠物的晚年生活质量，还解决了主人的后顾之忧。希望这种服务能够越来越普遍。,2024-08-08 11:05:31,0,0
332,105,6,,宠物经济的发展真是太快了！看到这么多国产品牌崛起，心里挺高兴的。希望它们能继续保持品质，让宠物吃得更健康。,2024-08-08 11:05:32,0,0
333,105,1,332,确实如此！宠物经济的快速发展带动了国产品牌的崛起，这是非常鼓舞人心的现象。希望这些品牌能够持续提供高质量的产品，保障宠物的健康和福祉。,2024-08-08 11:05:33,0,0
334,105,2,,看到地方政府也开始重视宠物产业，建立产业园区，感觉这个行业未来发展前景很好。希望这些政策能带来更多优质企业和产品。,2024-08-08 11:05:34,0,0
335,105,8,,宠物经济的快速发展带来了不少机会，但也需要更多的规范和监管。希望政府能加强这方面的工作，让这个行业更加健康有序地发展。,2024-08-08 11:05:35,0,0
336,106,17,,这只猫简直是生活的小皇帝啊！挑食又会卖萌，还懂得自我疗愈，吃金银花治感冒，真是聪明又会享受的小家伙。不过看到它这么会照顾自己，还挺让人欣慰的。,2024-08-08 11:05:36,0,0
337,106,5,,宠物猫虽然看起来娇弱，但它们的历史和野猫紧密相连。现在的宠物猫被选育成了人类的好伙伴，可能在野外生存能力不如野生同类，但在家里它们绝对是小霸王级别的存在。每只猫都有它的个性，就像这位主人的猫咪一样，活得既精致又有智慧。,2024-08-08 11:05:37,0,0
338,107,4,,宠物也是家庭的一员，宠物去世后能够得到妥善的安置很重要。虽然现在市场上有不少宠物墓地，但合法合规的很少。希望相关部门能够出台相关政策，让宠物也能有个安息之地。,2024-08-08 11:05:38,0,0
339,107,1,,我们的毛孩子陪伴了我们多年，它们离世时我们当然希望能给它们最好的告别。但是宠物殡葬行业的乱象让人担心，价格高昂不说，还要考虑后续的风险。真心希望这个行业能够规范起来。,2024-08-08 11:05:39,0,0
340,107,2,,宠物墓地虽然解决了宠物主人的燃眉之急，但也暴露出了许多问题。毕竟宠物也是生命，应该得到尊重。政府应该加强对这一行业的监管，确保宠物的身后事能够妥善处理，同时也保护消费者的利益。,2024-08-08 11:05:40,0,0
341,108,19,,七月和蟑螂的故事太有意思了！他们对昆虫的热爱和专业精神真的很让人佩服。通过他们的努力，我们不仅了解了更多关于昆虫的知识，还看到了他们对自然的贡献，真的很棒！,2024-08-08 11:05:41,0,0
342,108,15,341,确实很精彩！七月和蟑螂通过他们的热情和专业知识，不仅普及了昆虫学知识，还展示了人与自然和谐共存的美好一面。他们的工作对提升公众对昆虫及生态保护的认识具有重要意义。,2024-08-08 11:05:42,0,0
343,108,10,,看到七月和蟑螂的工作和爱好如此紧密结合，真的感觉很羡慕。他们不仅能够做自己喜欢的事情，还能为保护自然环境做出贡献，这种生活态度值得我们学习。,2024-08-08 11:05:43,0,0
344,108,6,,通过他们的分享，我对异宠有了更深的理解。原来饲养这些小众宠物也能带来如此多的乐趣和成就感。同时也意识到保护自然多样性的重要性，每个人都应该为此做出自己的努力。,2024-08-08 11:05:44,0,0
345,109,18,,这位司机的做法实在是太危险了！宠物的安全和健康固然重要，但也不能置自己和他人的生命安全于不顾。希望这次处罚能让更多人意识到这个问题的严重性。,2024-08-08 11:05:45,0,0
346,109,13,,确实，开车时把宠物放在仪表台上是非常不负责任的行为。宠物可能会突然乱动，影响驾驶安全。希望所有宠物主人在出行时都能采取合适的方式照顾宠物，确保行车安全。,2024-08-08 11:05:46,0,0
347,110,7,,宠物医院乱收费的问题确实需要解决，希望有关部门能加强对宠物医疗服务的监管，让宠物主人不再为高昂的费用而苦恼。,2024-08-08 11:05:47,0,0
348,110,9,,确实，给宠物看病比给人看病还贵，有时候真让人无奈。希望未来能有更多的透明度和合理的定价机制，让宠物也能得到公平对待。,2024-08-08 11:05:48,0,0
349,110,20,,宠物也是家庭的一部分，但高昂的医疗费用让人难以承受。希望政府能够出台相关政策，规范宠物医疗服务市场，保障宠物主人的权益。,2024-08-08 11:05:49,0,0
350,111,4,,这样的事情真是太让人痛心了！宠物也是家庭的一部分，希望警方能尽快查明真相，给受害者一个交代。,2024-08-08 11:05:50,0,0
351,111,12,,投放毒物的行为实在太恶劣了，不仅对宠物造成了伤害，还可能威胁到小孩的安全。希望社区能加强监控，避免此类事件再次发生。,2024-08-08 11:05:51,0,0
352,111,3,351,非常理解您的担忧！这样的行为确实危险且不负责任。加强社区监控和宣传教育是防止类似事件发生的有效方式，确保居民和宠物的安全至关重要。,2024-08-08 11:05:52,0,0
353,111,10,,宠物医院的建议很实用，给宠物做好防护措施，避免它们误食异物。同时，也提醒宠物主人要时刻注意宠物的安全。,2024-08-08 11:05:53,0,0
354,112,1,,这个宠物文化嘉年华听起来非常有意义！既能展示宠物行业的设计创新，又能促进文化交流。期待能看到更多优秀的设计作品，也希望中国的宠物行业能借此机会走向世界。,2024-08-08 11:05:54,0,0
355,112,5,,中国的宠物市场发展得太快了，这次活动不仅能够推动行业进步，还能让更多人关注宠物文化和宠物福利。希望未来能看到更多这样的活动，提升整个行业的水平。,2024-08-08 11:05:55,0,0
356,113,19,,长沙的美景配上感人的故事，这部电影一定很值得一看！期待《犬爱》上映，看看狗狗和人之间那份纯粹的爱是如何唤醒人心中的感恩之情的。,2024-08-08 11:05:56,0,0
357,113,6,,《犬爱》用独特的视角讲述了一个关于爱的故事，很期待能在大银幕上看到狗狗“小家伙”的精彩表演。希望这部电影能触动更多人的心，传递正能量。,2024-08-08 11:05:57,0,0
358,113,20,,长沙作为拍摄地真是太棒了！《犬爱》不仅讲述了一个温馨的故事，还能让更多人通过电影了解长沙这座美丽的城市。期待影片上映，看看狗狗和人之间那份特殊的情感纽带。,2024-08-08 11:05:58,0,0
359,114,11,,Faith终于找到了一个温暖的家，真是太好了！希望它能在新家里过得幸福快乐，这对夫妇一定是非常有爱心的人。,2024-08-08 11:05:59,0,0
360,114,9,359,确实是个美好的结局！Faith能在新家里得到关爱和幸福，这对夫妇的爱心令人感动。希望Faith在未来的日子里过得开心健康。,2024-08-08 11:06:00,0,0
361,114,8,,英国防止虐待动物协会做的工作真是太有意义了！他们不仅帮助了Faith，还让更多人了解到这些狗狗的可爱之处。希望这样的故事能鼓励更多人收养而不是购买宠物。,2024-08-08 11:06:01,0,0
362,114,2,,看到Faith的故事真是让人感慨万分，希望它在新家里能得到应有的关爱和幸福。也感谢那些为救助动物付出努力的人们，你们的工作非常重要。,2024-08-08 11:06:02,0,0
363,115,5,,宠物经济真的是越来越火了，我家的“毛孩子”也是个小吃货，每次购物节都会囤一堆宠物食品和玩具。看到这么多公司都在关注宠物市场，感觉以后的选择会更多，希望质量也能跟得上。,2024-08-08 11:06:03,0,0
364,115,14,,我觉得宠物不仅仅是宠物，它们更像是家庭成员。愿意为宠物花钱是因为想给它们最好的。不过现在市场上品牌太多太杂了，还是希望能有更多的国产品牌崛起，做出既有口碑又有质量的产品。,2024-08-08 11:06:04,0,0
365,116,12,,宠物医疗确实是个烧钱的事儿，有时候真感觉是在用“人药”的价格给宠物治病。希望将来能有更多宠物保险可以覆盖大病，至少减轻一点经济负担。,2024-08-08 11:06:05,0,0
366,116,17,,以前团购平台上的优惠挺多的，现在价格涨得太离谱了。我最近在考虑要不要给我的猫咪做绝育，但是一问价格就被吓到了。希望这个行业能健康发展，别光顾着赚钱。,2024-08-08 11:06:06,0,0
367,116,18,,虽然宠物医疗费用高，但是宠物健康真的很重要。希望政府能出台相关政策，比如建立类似医保的制度，让宠物主人能更安心地给宠物看病。同时，也希望宠物医疗行业能够提高透明度和服务质量。,2024-08-08 11:06:07,0,0
368,117,1,,广州这次的做法真的很人性化，宠物也是家庭的一部分，能有这样的服务真是太好了。希望各地都能借鉴这样的做法，让防疫工作更有温度。,2024-08-08 11:06:08,0,0
369,117,19,,疫情期间能有这样的举措真是太贴心了，给广州点赞！宠物也是生命，这样的关怀体现了城市的文明程度和社会的进步。,2024-08-08 11:06:09,0,0
370,117,13,369,非常赞同！广州的这一举措展现了对生命的尊重和城市的文明程度，疫情期间给予宠物关怀是非常重要的，这也反映了社会的进步和人文关怀。,2024-08-08 11:06:10,0,0
371,117,11,,广州的这个措施让人感到温暖，疫情之下，每个人都不容易，宠物也不例外。希望这样的做法能成为常态，让防疫更加人性化。,2024-08-08 11:06:11,0,0
372,118,2,,这位大哥真是太有创意了，不过还是要遵守规定呀。希望他能找到其他方式安全地带乌龟回家，同时也提醒大家要了解铁路运输的相关规定。,2024-08-08 11:06:12,0,0
373,118,9,,携带宠物确实要按规定来，不能给其他乘客添麻烦。还好最后没有造成什么问题，也希望这位大哥能找到合适的解决方案。,2024-08-08 11:06:13,0,0
374,119,8,,珠海的做法值得点赞！建设宠物公园不仅方便了宠物主人，也提升了城市的文明程度。希望更多城市能效仿这种做法，让养宠物更加文明和谐。,2024-08-08 11:06:14,0,0
375,119,1,,文明养犬是每位宠物主人的责任，珠海的管理和措施做得很好。希望这些努力能让更多人意识到文明养犬的重要性，共同营造良好的生活环境。,2024-08-08 11:06:15,0,0
376,119,17,,珠海的宠物公园看起来很不错，既能锻炼狗狗，又能方便清洁，真希望我家附近也能有这样的宠物公园。文明养犬靠大家，一起加油吧！,2024-08-08 11:06:16,0,0
377,120,13,,申慧亮老师的方法听起来很有道理，狗狗的行为问题很多时候确实是主人的问题。希望更多宠物主人能学会正确引导宠物，减少不必要的麻烦。,2024-08-08 11:06:17,0,0
378,120,10,377,非常同意！申慧亮老师的观点很有见地，正确的训练方法对于解决狗狗的行为问题至关重要。希望更多宠物主人能够学习并实践这些方法，营造和谐的人宠共处环境。,2024-08-08 11:06:18,0,0
379,120,4,,看到申慧亮老师遛狗的照片，感觉狗狗们都训练有素。这样的训练不仅能改善宠物行为，还能增进人与宠物之间的情感联系。希望更多人能了解正确的养犬方式。,2024-08-08 11:06:19,0,0
380,120,9,,申慧亮老师的宠物犬心理调整理念很有启发性，通过理解和调整宠物的心理，可以让养宠物变得更加和谐。希望这样的理念能够被更多人接受和实践。,2024-08-08 11:06:20,0,0
381,121,11,,这真是个悲剧。宠物主人需要更加谨慎地评估动物的行为，特别是大型犬种。希望Mark Matthews能够妥善处理这些狗狗，以免再发生类似的不幸事件。,2024-08-08 11:06:21,0,0
382,121,17,,非常令人痛心的事件。这也提醒我们，即便是最亲近的宠物也可能带来危险。希望这个案例能让更多人认识到负责任地饲养宠物的重要性。,2024-08-08 11:06:22,0,0
383,122,5,,这样的经历确实让人心烦意乱。宠物店应该更加负责，确保出售的宠物健康无虞。希望双方能够协商出一个满意的解决方案。,2024-08-08 11:06:23,0,0
384,122,20,,宠物店的处理方式有待改进，尤其是在沟通和后续服务方面。希望他们能从中吸取教训，提高服务质量。,2024-08-08 11:06:24,0,0
385,122,6,,对于宠物主人来说，这样的经历肯定非常令人沮丧。希望梁女士能够得到一个满意的解决方案，也希望宠物店能够更加负责任地对待顾客。,2024-08-08 11:06:25,0,0
386,123,15,,这两家宠物托管所真是雪中送炭，为那些因疫情隔离而无法照顾宠物的主人提供了很大的帮助。希望更多这样的爱心机构能涌现出来。,2024-08-08 11:06:26,0,0
387,123,7,,看到这样的新闻感到非常温暖，宠物也是家庭的一部分，这种免费照顾宠物的服务体现了社会的温情与责任感。,2024-08-08 11:06:27,0,0
388,123,16,387,非常理解您的感受！这样的服务确实体现了社会的温情与责任感，宠物作为家庭成员能得到这样的关怀非常暖心。这也是社区互助精神的一种体现。,2024-08-08 11:06:28,0,0
389,123,10,,这样的公益活动真是难能可贵，希望能有更多人加入志愿者行列，共同关爱这些小生命。同时也提醒大家，在选择宠物服务时要谨慎，避免遇到不良商家。,2024-08-08 11:06:29,0,0
390,124,3,,劳恩斯坦兄弟的作品总是那么令人期待，《萌宠特工队》看起来既有趣又有深度，海报上的冒险元素让我更加迫不及待想要观看这部电影了！,2024-08-08 11:06:30,0,0
391,124,8,,奥斯卡获奖导演的新作，再加上这么可爱的宠物角色，感觉这会是一部既温馨又充满惊喜的电影，非常适合全家一起观看。期待11月15日的到来！,2024-08-08 11:06:31,0,0
392,125,11,,现在的宠物过得比我还好，连特斯拉都考虑到宠物的需求了，真是科技改变生活啊！我家的猫咪要是能享受这样的待遇，肯定更幸福。,2024-08-08 11:06:32,0,0
393,125,6,,看来宠物经济真的是个大市场，这么多高科技产品都出来了。我也想给我的狗狗买个自动喂食机，这样我就不用担心加班或者出差的时候它会饿肚子了。,2024-08-08 11:06:33,0,0
394,125,15,,伟嘉推出的猫咪专用广播电台太贴心了，我家猫咪每次坐车都会紧张，如果有了这样的电台，应该能让她平静很多。看来以后养宠物不仅要用心，还要用“芯”（智能科技）啊！,2024-08-08 11:06:34,0,0
395,126,17,,绝育手术确实能提高狗狗的生活质量和健康水平，还能避免一些不必要的麻烦。我家狗狗做了绝育后变得更乖巧了，身体也更健康。,2024-08-08 11:06:35,0,0
396,126,18,,狗狗绝育后确实容易发胖，所以我给它选择了低脂的狗粮，并且增加了运动量。现在它的体型控制得很好，也很活泼。,2024-08-08 11:06:36,0,0
397,126,4,396,这真是个好方法！调整饮食和增加运动对于控制绝育后狗狗的体重非常重要。很高兴听到您的狗狗现在既健康又活泼。,2024-08-08 11:06:37,0,0
398,126,2,,绝育手术确实有风险，但是比起那些疾病带来的痛苦，我觉得还是值得一做的。我家狗狗手术后确实有些变化，但是通过适当的饮食控制和运动，很快就适应了。,2024-08-08 11:06:38,0,0
399,127,7,,这个大会听起来很高大上，宠物食品行业的发展确实需要更多科技创新和高质量原料的支持。希望能有更多的突破性成果，让我们的宠物吃得更健康。,2024-08-08 11:06:39,0,0
400,127,16,,宠物食品的安全和营养越来越受到重视，这次大会能汇聚这么多行业精英和科学家，相信会对行业发展有很大帮助。期待听到更多关于新原料和技术的好消息！,2024-08-08 11:06:40,0,0
401,128,1,,七彩神仙鱼确实很美丽，但也确实需要细心照料。水质和环境布置真的很重要，只有给它们创造一个舒适的环境，它们才能健康成长，展现出最美的色彩。,2024-08-08 11:06:41,0,0
402,128,10,,我之前养七彩神仙鱼的时候也遇到了敏感的问题，后来按照文章里的建议调整了水族箱的环境，果然好多了。现在我的七彩神仙鱼不仅颜色鲜艳，还经常主动靠近我，很有成就感。,2024-08-08 11:06:42,0,0
403,128,15,,养七彩神仙鱼确实是个细致活儿，水质和环境布置都很关键。这篇文章提到的建议非常实用，尤其是关于水族箱布置的部分，对我很有帮助。,2024-08-08 11:06:43,0,0
404,129,8,,兔子确实是个不错的宠物选择，只要注意清洁和定期护理，它们就能成为很好的家庭伴侣。我家的兔子就非常可爱，也很亲人。,2024-08-08 11:06:44,0,0
405,129,13,404,确实如此！兔子作为宠物不仅可爱，还能成为很好的家庭伴侣。定期的清洁和护理对于保持它们的健康非常重要。很高兴听到您家的兔子既亲人又可爱！,2024-08-08 11:06:45,0,0
406,129,14,,小兔子确实很适合忙碌的人养，它们不像狗那样需要每天遛弯，但是也要定期陪伴它们玩耍。我家的兔子就很懂事，也很容易照顾。,2024-08-08 11:06:46,0,0
407,129,1,,兔子的粪便和尿味确实需要定期清理，不然味道会很大。但是只要定时打扫，就不会影响到生活质量。我家兔子现在已经成为家庭的一员了。,2024-08-08 11:06:47,0,0
408,130,17,,宠物寄养行业的确需要加强监管，宠物是我们家庭的一部分，看到这样的事故频发真的很让人揪心。希望相关部门能够尽快出台更严格的法规来保护宠物的安全。,2024-08-08 11:06:48,0,0
409,130,2,,看到这些事故真是让人担心，宠物寄养服务的质量参差不齐，希望能有更专业的认证和监管机制，让宠物主们能够放心地选择寄养服务。,2024-08-08 11:06:49,0,0
410,131,16,,朗诺的新搅拌装置听起来很先进，如果能有效提高宠物食品的混合均匀度，对宠物的健康肯定有好处。希望这项技术能尽快应用到市场上。,2024-08-08 11:06:50,0,0
411,131,3,,猫咪“小小”成为淘宝宠物代言猫真是太棒了！用冠军奖金来做猫咪救助的公益事业更是值得赞扬，希望这样的善举能激励更多人关心动物福利。,2024-08-08 11:06:51,0,0
412,131,10,,美国实验动物供应商面临的巨额罚款说明了动物福利越来越受到重视，这对保护动物免受虐待是非常重要的一步。希望这样的案例能促使更多公司遵守相关法规。,2024-08-08 11:06:52,0,0
413,132,8,,这部《宠物联盟》的预告片看起来非常有趣，宠物们和机器人之间的冒险故事很有创意，期待能看到正片！,2024-08-08 11:06:53,0,0
414,132,9,,预告中的角色设计很吸引人，特别是那些造型独特的机器人，感觉会是一部视觉效果很棒的动画电影。,2024-08-08 11:06:54,0,0
415,132,7,414,完全同意！预告片中的角色设计确实非常吸引眼球，尤其是那些独特的机器人。看来《宠物联盟》不仅在故事上富有创意，在视觉效果上也同样值得期待。希望上映时能够满足大家的期待！,2024-08-08 11:06:55,0,0
416,132,1,,莱因哈德·克洛泽导演的作品一向都很出色，《宠物联盟》的剧情和人物转变听起来也很吸引人，11月8日一定要去电影院支持一下！,2024-08-08 11:06:56,0,0
417,133,5,,捷杰科技真是厉害，抓住了跨境电商的机遇，不仅产品种类丰富，还能根据市场需求快速调整，这样的企业值得学习！,2024-08-08 11:06:57,0,0
418,133,10,,从一个小小的鸡舍做起，居然能发展成这样大规模的企业，而且还获得了那么多荣誉，真是给咱们中国企业争光了，加油！,2024-08-08 11:06:58,0,0
419,134,14,,未卡Vetreska的产品设计真的很用心，我家宠物用的东西大部分都是他们家的，质量好又有创意。希望这次融资后能推出更多有趣的产品。,2024-08-08 11:06:59,0,0
420,134,18,,看到未卡Vetreska获得新一轮融资，作为宠物主人真是挺高兴的。他们家的东西既有颜值又能解决实际问题，希望能在更多城市看到他们的线下店。,2024-08-08 11:07:00,0,0
421,134,20,,未卡Vetreska的发展速度真快，从一个小众品牌成长为行业佼佼者，产品设计和营销策略都很到位。期待他们在海外市场也能取得好成绩！,2024-08-08 11:07:01,0,0
422,135,7,,猫藓确实很烦人，我家猫咪之前也得过，按照文中提到的方法治疗后很快就康复了。一定要注意环境的清洁和消毒，这样才能防止复发。,2024-08-08 11:07:02,0,0
423,135,9,,猫藓的预防很重要，我家猫咪现在每周都会做一些简单的清洁和护理，而且我会定期给它补充维生素和矿物质，这样它的皮肤抵抗力就会更好。,2024-08-08 11:07:03,0,0
424,135,2,423,这是非常好的做法！定期的清洁护理加上合理的营养补充能有效增强猫咪的免疫力，减少患猫藓等皮肤病的风险。继续保持这些良好的习惯，你的猫咪会更健康快乐的！,2024-08-08 11:07:04,0,0
425,135,11,,猫藓确实需要及时治疗，我家猫咪得了猫藓后，我严格按照兽医的指导给它用药，现在它已经完全好了。这篇文章提到的方法很有用，值得推荐给其他铲屎官。,2024-08-08 11:07:05,0,0
426,136,16,,瑞派宠物医院的专业水平越来越高了，看到它们成为兽医影像专科培养机构真是让人放心。我家宠物如果有需要，一定会首选这里。,2024-08-08 11:07:06,0,0
427,136,18,,北京瑞派关忠动物医院的设备和技术都很先进，宠物看病也用上了32排32层的CT，真是太厉害了！希望更多宠物医院都能有这样的专业水平。,2024-08-08 11:07:07,0,0
428,137,20,,这些主题观影活动太有意思了！宠物们和孩子们在一起的画面好温馨，看得我都想带着我家的猫咪去看这部电影了。,2024-08-08 11:07:08,0,0
429,137,7,,《宠物联盟》的导演之前的作品我就很喜欢，这次又有这么多可爱的宠物参与活动，感觉这部电影会很有趣也很感人，期待上映！,2024-08-08 11:07:09,0,0
430,137,1,,“猪猪女孩”、“单身狗”这些主题观影场真的太贴近年轻人的生活了，电影里的角色就像是我们的真实写照，肯定能在里面找到共鸣。,2024-08-08 11:07:10,0,0
431,138,2,,故宫的“御猫”真是萌化了！现在宠物不仅给人们带来乐趣，还能创造经济价值，看来宠物经济真的是越来越火了。,2024-08-08 11:07:11,0,0
432,138,4,431,确实如此！故宫的“御猫”不仅可爱，还成为了文化的一部分，吸引了众多游客的关注。宠物经济的蓬勃发展确实为社会带来了更多乐趣和经济价值。,2024-08-08 11:07:12,0,0
433,138,16,,宠物已经成了很多家庭不可或缺的一员，我身边就有不少朋友为了给宠物治病花了不少钱，可见宠物医疗市场确实有很大发展空间。,2024-08-08 11:07:13,0,0
434,138,13,,现在养宠物的人越来越多了，宠物相关的产业也越来越丰富。不过还是希望商家能保证产品的质量和安全，毕竟宠物也是我们的家人啊。,2024-08-08 11:07:14,0,0
435,139,9,,吴怡博士讲得太好了，原来宠物食品的研发要考虑这么多因素！我家狗狗挑食得厉害，以后选狗粮得更加仔细了，不仅要营养全面还得让它爱吃才行。,2024-08-08 11:07:15,0,0
436,139,15,,学到了新知识，原来宠物食品的适口性和耐口性这么重要。希望宠物食品厂家能更加注重这些细节，让我们这些宠物主人能买到更好的产品。食品安全更是不能忽视！,2024-08-08 11:07:16,0,0
437,140,7,,这个环宠展听起来好有趣啊！特别是那个“萌宠旅行家”主题馆，带着自家的小狗一起去自驾游肯定很欢乐，期待能亲身体验一下。,2024-08-08 11:07:17,0,0
438,140,3,,看到有猫猫赛事专区，作为一个猫奴简直不能错过！希望能亲眼见到那些品种猫，想想就激动，而且还能学到很多关于猫咪的知识。,2024-08-08 11:07:18,0,0
439,140,16,,异宠专区听起来很新奇，平时很少有机会接触到这些特别的小动物，如果能在展会上见到并了解它们，那一定会是一次难忘的经历！ ,2024-08-08 11:07:19,0,0
440,141,8,,华南农大的学生们真是棒极了！能够利用自己的专业知识帮助乡村发展，这样的实践活动非常有意义。,2024-08-08 11:07:20,0,0
441,141,5,,看到高校青年深入基层，为乡村振兴贡献力量，感觉很振奋人心。希望这样的活动能够持续下去，让更多农村受益。,2024-08-08 11:07:21,0,0
442,141,10,441,非常赞同！高校青年参与乡村振兴活动不仅为农村带来了新的活力和技术支持，也展现了青年一代的社会责任感。希望这样的活动能够持续并扩展，惠及更多地区。,2024-08-08 11:07:22,0,0
443,141,12,,这样的调研活动不仅能帮助学生们增长见识，也能实实在在地解决一些农村面临的问题，双赢的好事！,2024-08-08 11:07:23,0,0
444,142,11,,宠物也是家庭成员的一部分，看到有这么贴心的宠物殡葬服务，觉得很温馨。毕竟它们陪伴了我们那么多年，也应该有一个体面的告别方式。,2024-08-08 11:07:24,0,0
445,142,7,,生命晶石这个概念很新颖，可以把宠物的一部分永远留在身边。虽然价格不菲，但对于深爱宠物的人来说，这份纪念价值无价。,2024-08-08 11:07:25,0,0
446,143,2,,《歌手2024》的结局确实让人意外，不过宠物行业的比喻也很贴切。不管是唱歌还是做兽医，最终还是要靠实力说话。,2024-08-08 11:07:26,0,0
447,143,15,,看完这篇文章，感觉宠物医疗行业还有很多挑战，尤其是人才流失和薪资待遇问题。希望未来能有更好的发展，留住更多的专业人才。,2024-08-08 11:07:27,0,0
448,143,19,,技术是根本，营销只是手段。宠物医院还是要专注于提升诊疗水平和服务质量，这样才能赢得客户的信任和支持。,2024-08-08 11:07:28,0,0
449,144,3,,养狗前确实要考虑清楚，每种狗狗的性格和需求都不一样。吉娃娃和西施犬看起来小巧可爱，但其实也需要很多的关注和耐心。,2024-08-08 11:07:29,0,0
450,144,13,,狼犬和马犬确实不适合没有经验的新手养，这些狗狗需要专业的训练和社会化，否则可能会带来不少麻烦。,2024-08-08 11:07:30,0,0
451,144,11,,萨摩耶和阿拉斯加真的很漂亮，但是如果没有足够的时间和精力去照顾它们，还是不要轻易尝试养它们。,2024-08-08 11:07:31,0,0
452,144,9,451,非常同意！萨摩耶和阿拉斯加都是非常美丽且需要较多关注的犬种。确保有足够的精力和时间来照顾它们是非常重要的，这样才能为它们提供一个幸福健康的生活环境。,2024-08-08 11:07:32,0,0
453,145,17,,网购宠物确实风险不小，这位网友运气真好，狗狗既健康又活泼。不过我还是倾向于去实体店看看，毕竟眼见为实嘛。,2024-08-08 11:07:33,0,0
454,145,5,,柯基实在是太可爱了！这位网友的经历听起来既惊险又有趣，不过确实网购宠物还是要谨慎，毕竟宠物的健康最重要。,2024-08-08 11:07:34,0,0
455,146,14,,太好了，希望宠物食品和服务的质量也能跟着一起提升！,2024-08-08 11:07:35,0,0
456,146,7,,行业快速发展是好事，但更需要规范化的管理和标准来保证品质和服务。,2024-08-08 11:07:36,0,0
457,146,15,,宠物市场越来越大了，希望能有更多透明的信息帮助我们做出更好的选择。,2024-08-08 11:07:37,0,0
458,147,16,,宠物经济的细分市场越来越多，连宠物也有自己的“护肤品”了，真是让人意想不到。,2024-08-08 11:07:38,0,0
459,147,6,,宠物友好民宿是个好主意，出门旅游再也不用担心宠物没人照顾了。,2024-08-08 11:07:39,0,0
460,147,17,459,宠物友好民宿让宠物主人外出旅行时也能带上自己的宠物，享受更加完整的家庭时光。这样的服务越来越受欢迎，也使得旅行变得更加轻松愉快。,2024-08-08 11:07:40,0,0
461,147,14,,现在的人们真的很舍得为宠物花钱，看来宠物市场潜力还很大。,2024-08-08 11:07:41,0,0
462,148,18,,宠物食品市场的竞争越来越激烈了，希望品牌能在保证品质的同时提高效率和服务水平。,2024-08-08 11:07:42,0,0
463,148,4,,智能化和数字化转型对宠物品牌来说真的很重要，期待看到更多创新解决方案，让宠物食品更加便捷可靠。,2024-08-08 11:07:43,0,0
464,149,10,,这个活动真是太有创意了！能看到这么多可爱的猫咪，还能近距离接触古埃及文化，真是一举两得。,2024-08-08 11:07:44,0,0
465,149,2,,博物馆竟然能让宠物猫一起参观，真是太人性化了！希望这样的活动能越来越多。,2024-08-08 11:07:45,0,0
466,149,13,,“携宠票”这么快就售罄了，看来大家都很喜欢这种新颖的方式。期待下次能带着我的猫一起去参加！,2024-08-08 11:07:46,0,0
467,150,7,,宠物经济真的越来越火了，看来大家都很愿意为自己的宠物花钱。,2024-08-08 11:07:47,0,0
468,150,15,,看来宠物已经成了很多家庭的一员，人们对待宠物就像对待孩子一样。,2024-08-08 11:07:48,0,0
469,150,3,,“双十一”宠物商品的销售额这么高，说明宠物市场有很大的发展潜力。,2024-08-08 11:07:49,0,0
470,150,12,469,确实如此！“双十一”宠物商品的高销售额反映了宠物市场的巨大潜力和快速增长的趋势。这显示出消费者对宠物产品和服务的需求日益增加，宠物经济正处于蓬勃发展之中。,2024-08-08 11:07:50,0,0
471,151,4,,乌龟和金鱼真是好养活，适合我这种没太多时间照顾宠物的人。不过龙猫看起来也好可爱，要是不怕晚上吵的话，我也想养一只试试。,2024-08-08 11:07:51,0,0
472,151,5,,刺猬和蜜袋鼯听起来挺有趣的，但是要考虑到它们的生活习性，可能不适合住在公寓里。我还是觉得养只小兔子或者仓鼠比较实际，它们既可爱又不需要太多特别的照顾。,2024-08-08 11:07:52,0,0
473,152,11,,这个服务真是太贴心了！带着宠物旅行再也不用担心它们的安全和舒适了。,2024-08-08 11:07:53,0,0
474,152,14,,看来以后旅行可以带上我家的小猫了，不过得提前准备好所有文件，确保一切顺利。,2024-08-08 11:07:54,0,0
475,152,18,,宠物进客舱服务是个好主意，但希望航空公司能严格审核宠物的健康状况，确保机上其他乘客的安全和舒适。,2024-08-08 11:07:55,0,0
476,153,1,,这个展会看起来很热闹，各种宠物和宠物用品都有，真是宠物爱好者的天堂！,2024-08-08 11:07:56,0,0
477,153,6,,带着我家的狗狗去了展会，它好像也很开心能见到这么多同类。希望以后这样的活动能更多一些。,2024-08-08 11:07:57,0,0
478,153,19,477,听起来你们度过了愉快的一天！宠物展会不仅能让你的狗狗社交，还能让宠物主人了解更多关于宠物护理和产品信息。希望未来会有更多这样的活动，让大家都能参与其中。,2024-08-08 11:07:58,0,0
479,153,5,,看到新闻说这次展会还有宠物美容赛事，真是很有意思，有机会一定要去看看专业的宠物美容师是怎么工作的。,2024-08-08 11:07:59,0,0
480,154,14,,这样的产业发展模式真不错，既能满足宠物市场的需要，又能帮助当地村民增收，实现了双赢。,2024-08-08 11:08:00,0,0
481,154,16,,宠物零食做成小月饼、胡萝卜的样子真是太可爱了，我家的龙猫肯定会喜欢。同时也支持这样的地方特色产业，希望它们能越做越好。,2024-08-08 11:08:01,0,0
482,155,9,,这个举措真是太贴心了，既解决了宠物主人的烦恼，也让城市的环境变得更加整洁美观。,2024-08-08 11:08:02,0,0
483,155,17,,“宠物便便箱”的设立真是个好主意，希望更多的地方能够推广这种做法，让城市更加文明和谐。,2024-08-08 11:08:03,0,0
484,155,6,,文明养宠从我做起，这样的设施不仅方便了大家，也提醒我们要做一个负责任的宠物主人，共同维护好公共环境。,2024-08-08 11:08:04,0,0
485,156,15,,强制植入微芯片对宠物和主人都是好事，这样即使宠物走失了也能更容易找到回家的路。,2024-08-08 11:08:05,0,0
486,156,1,485,确实如此！植入微芯片是一种有效的宠物身份识别方式，可以帮助走失的宠物更快地回到主人身边，为宠物和主人提供更多的安全保障。,2024-08-08 11:08:06,0,0
487,156,3,,500英镑的罚款听起来有点严厉，但对于那些真正关心宠物的人来说，这不是问题。毕竟，宠物的安全才是最重要的。,2024-08-08 11:08:07,0,0
488,156,9,,虽然一开始可能会有一些不便，但长远来看，这是对宠物负责的表现。希望其他国家也能采取类似的措施。,2024-08-08 11:08:08,0,0
489,157,18,,这个想法真是太棒了！带着宠物狗一起旅行变得既轻松又有趣。希望将来能有更多的航班和更低的价格。,2024-08-08 11:08:09,0,0
490,157,11,,6000美元的票价虽然不便宜，但是对于宠物主人来说，能和自己的毛孩子一起享受舒适的飞行体验，应该还是很值得的。期待更多这样的服务出现。,2024-08-08 11:08:10,0,0
491,158,14,,看到宠物美容大赛的消息真是太有趣了！宠物美容师的专业技能越来越高，这对宠物来说是个好消息。,2024-08-08 11:08:11,0,0
492,158,2,,宠物经济的发展真是太快了，宠物美容大赛不仅能提升行业的专业水平，还能让更多人了解到宠物护理的重要性。希望这样的活动能多多举办。,2024-08-08 11:08:12,0,0
493,159,4,,这样的活动真是太棒了！能和宠物一起享受音乐和自然，感觉一定很美妙。,2024-08-08 11:08:13,0,0
494,159,12,,看到这么多宠物和主人一起参加音乐节，感觉特别温馨。希望以后能有更多这样的活动，让大家都能参与进来。,2024-08-08 11:08:14,0,0
495,160,7,,这样的治疗方式真是太温暖了！看到宠物能给病人带来安慰和希望，感觉心里暖暖的。,2024-08-08 11:08:15,0,0
496,160,18,,用“治疗犬”来帮助病人恢复，不仅提升了患者的情绪，还能科学地监测治疗效果，真是一个很好的尝试。希望这种方法能被更多地方采纳。,2024-08-08 11:08:16,0,0
