ADOPTION_ID,USER_ID,CATEGORY_ID,SUBCATEGORY_ID,NAME,IMAGE_URL,AGE,LOCATION,REASON,HEALTH,LATEST_HEALTH_CHECK,VACCINATION,CARE_NEEDS,DIETARY_NEEDS,BEHAVIOR,NEUTERED_OR_SPAYED,NOTES,STATUS,GENDER,APPENDIX_URL
1,6,5,506,米奇,PetAdoptionImages/86om31vm2m0yx4gwoizbwtsxh4ci3f3uvn3hndkunbcmunyy9lit18zhwy81bmpw.jpg,1,上海市 / 上海市 / 浦东新区,因个人工作调动，无法继续照顾这对我来说是一个艰难的决定，因为我非常喜欢米奇，但为了他的幸福着想，我希望为他找到一个能够给他爱和关怀的新家,米奇身体健康状况良好，活泼好动，定期接受健康检查以确保他的身体状况最佳,2024-07-08 16:00:00,无需接种,,米奇偏好新鲜蔬菜作为零食，并主要食用高品质的专用鼠粮。建议每天提供适量的新鲜水和食物，保证其营养均衡。特别喜欢胡萝卜和苹果，这些可以作为偶尔的小奖励,米奇性格非常友好，喜欢与人互动，尤其是对熟悉的人特别亲近。他非常好奇且充满活力，在晚上会更加活跃。适合喜欢与宠物互动的家庭领养,0,领养者将获得米奇目前使用的全套装备，包括一个宽敞且通风良好的笼子、食盆、水壶以及一些玩具，如跑轮和磨牙棒等，这些都是为了确保米奇的生活质量而精心挑选的,0,0,
2,15,2,204,,PetAdoptionImages/se4ik59tasj143ffw32ublbqzehqorm5kz2wjqe5ut4jx4865fm4aixo29bt520q.jpg,3,北京市 / 北京市 / 朝阳区,由于家庭成员对猫毛过敏，尽管我们非常不舍，但不得不为小橘寻找一个新的家。我们希望为她找到一个能够给她足够关爱和照顾的新家庭,小橘身体健康状况良好，毛色亮丽，活泼好动,2024-09-07 16:00:00,已完成基础疫苗接种，包括猫三联苗及猫艾滋病病毒疫苗,,小橘偏好高质量的猫粮，并且特别喜欢新鲜肉类作为零食。建议每天提供适量的新鲜水和食物，保证其营养均衡。她特别喜欢鸡肉和鱼肉，这些可以作为偶尔的小奖励,小橘性格非常温和，亲人，能够与小孩子和其他猫咪和平相处。她非常聪明，能够很快学会使用猫砂盆。适合喜欢与宠物互动的家庭领养,1,领养者将获得小橘目前使用的全套装备，包括一个舒适的猫窝、猫砂盆、食盆、水碗以及一些玩具，如毛线球和小老鼠玩具等，这些都是为了确保小橘的生活质量而精心挑选的,0,1,
3,2,1,110,雷克斯,PetAdoptionImages/t4dh0c1gd2m5f61mryrszjoeepsnxr8z466gdeeba3jtv1r3u8p7tz1njkm66gxj.jpg,4,北京市 / 北京市 / 东城区,由于即将搬家至一个无法携带宠物的新居，我们不得不为雷克斯寻找一个新的家。这是一个艰难的决定，因为我们非常爱他，但我们相信他值得拥有一个充满爱的新家庭,雷克斯身体健康状况非常好，活泼好动，精力充沛,2024-08-31 16:00:00,已完成基础疫苗接种，包括狂犬病疫苗,,,友好且聪明，能够很好地与小孩子、猫咪以及其他狗狗相处；懂得在指定地点大小便，能听懂基本指令,1,雷克斯喜欢户外活动，每天需要外出散步至少两次，以保持他的活力和健康。他只在有草地的地方大小便，这对于新主人来说需要注意提供合适的环境,1,0,
4,19,2,211,小米,PetAdoptionImages/ks77pss165ny5a38e7xivtw3eu1z0hip1f2jn9d4prlei6ht368ez92qvn4tyhep.jpg,2,上海市 / 上海市 / 黄浦区,计划长期出国或频繁出差，无法确保猫咪得到稳定的照顾,健康良好，定期体检，无遗传疾病史,2024-07-19 16:00:00,已完成基础疫苗接种，包括猫三联苗及狂犬病疫苗,小米需要每周至少梳理一次毛发以减少掉毛，同时还需要定期清洁耳朵。这些简单的护理步骤有助于保持他的健康和舒适,需要高质量的猫粮，避免喂食含大量谷物的产品，偶尔可以喂一些煮熟的鸡肉或鱼肉作为奖励,,0,小米非常适合需要一个温暖陪伴的家庭，无需特别复杂的照料。他喜欢室内活动，偶尔也会欣赏窗外的景色,0,0,
5,17,2,205,云朵,PetAdoptionImages/6lgd2eohxaas2n7gc9kfeya9x3cj1xymmlw5kz1lfa8w5mbbiqmuqhv45pm85oh2.jpg,1,广东省 / 广州市 / 白云区,因工作调动至国外，新居所暂时无法满足饲养宠物的需求，因此不得不为心爱的云朵寻找一个充满爱心的新家,云朵身体健康，活泼好动，总是充满活力，是家中的一道亮丽风景线,2024-07-14 16:00:00,已完成基础疫苗接种，包括猫三联苗、猫白血病病毒疫苗及猫艾滋病病毒疫苗,,云朵偏好高质量的成猫干粮与适量湿粮的混合喂食方式，并偶尔会享受一些煮熟的鸡肉作为奖励，这样的饮食习惯有助于维持它的健康状态,温顺友好，喜欢亲近人，对儿童特别温柔；与其他猫咪相处融洽；懂得使用猫砂盆，在指定地点大小便,0,云朵是一只非常聪明且适应力强的布偶猫，很容易融入新环境，适合有小孩的家庭领养,0,0,
6,12,2,204,米团,PetAdoptionImages/0yjx2dk7lwd12tx0fkd67ripmbgpt1nfwj3f62jm9vlzr9c1n76o2xgtgq5srokb.jpg,2,广东省 / 深圳市 / 福田区,由于个人居住空间变小，为了给米团更好的生活环境，希望为它找到一个更宽敞、更适合它的家庭,米团身体健康，活力充沛，定期接受专业的体检，以确保它始终保持最佳状态,2024-08-24 16:00:00,已完成基础疫苗接种，包括猫三联苗、猫白血病病毒疫苗及猫艾滋病病毒疫苗,需进行常规的毛发梳理和牙齿清洁，以保持其良好的卫生习惯和健康状态,米团偏好高质量的成猫专用干粮，偶尔会搭配一些湿粮以增加水分摄入，这有助于维持其良好的消化系统功能；它还特别喜欢喝清水,米团性格极其温和，几乎没有任何脾气，对新环境适应能力极强，通常只需要几分钟就能完全放松下来并开始探索周围环境。与小孩子和其他猫咪都能友好相处，非常适合有小孩或多宠家庭,1,,0,1,
7,10,2,211,小影,PetAdoptionImages/jt7htba5qc6e6wastxs1rrorto5elagk5akbr8ccqozq5qkozoid37g9a4hr1v5b.jpg,3,四川省 / 成都市 / 锦江区,因工作调动需要长期出差，无法继续给予小影足够的陪伴，希望找到一位能够给予它足够关爱的新主人,小影身体健康，活泼好动，定期接受专业的健康检查,2024-09-05 16:00:00,已完成基础疫苗接种，包括猫三联苗,,确保每天有足够的清水供应,小影性格温和，特别喜欢静静地陪伴在主人身边，尤其爱看电视。它不吵闹，也不乱跑乱跳，适合安静的家庭环境。对新环境适应能力强，容易与人建立信任关系,0,小影是一只非常贴心的狸花猫，它喜欢与人亲近，能够成为主人的好伙伴，它懂得使用猫砂盆，且有良好的卫生习惯,0,0,
8,1,3,303,金宝,PetAdoptionImages/kp7x2mjo6pw2q9zlr9z71y8vwfl6wcf3whnxvrb9y1rqgaipf464vh4d7gdzto7n.jpg,1,重庆市 / 重庆市 / 渝中区,由于搬家无法携带金宝一同前往新居，希望能给金宝找一个充满爱的新家，让它继续快乐地生活,金宝的身体状况良好，颜色鲜艳，鳞片光滑，整体看起来非常健康,2024-08-07 16:00:00,无需接种,金宝需要一个稳定的环境，保持水质清洁非常重要。建议定期更换水，并且要避免水质的突然变化，这对金宝的健康至关重要,金宝可以喂食专门的金鱼饲料，以确保其营养均衡。偶尔还可以喂一些煮熟的蔬菜，例如豌豆或菠菜，但需要注意的是这些食物需要切成小块，并且喂食量要适量，以免影响消化,金宝性格温顺，喜欢游动探索，对人非常友好，当主人靠近时，它会游向水面，似乎在期待与人的互动。金宝对新环境适应能力强，容易与人建立起亲密的关系,1,金宝是一只非常活泼的雌性金鱼，喜欢在水中植物间穿梭，能给家庭带来欢乐。它非常适合那些喜欢观赏鱼类的家庭，可以成为家庭中的一个亮点,1,1,
9,3,3,305,小霓,PetAdoptionImages/k7ggueyxnchj4guxuc7c6ml5ud1i4peqv6idos0a7u2t66na5t9kea2z3u6gvivw.jpg,1,浙江省 / 杭州市 / 余杭区,因个人工作调动，未来居住地难以提供适宜的养鱼条件，希望能给小霓找到一个有爱心的新家,小霓身体健康，颜色鲜艳，没有明显的疾病迹象,2024-07-27 16:00:00,无需接种,需要维持稳定的水质条件，pH值应在5.5-7.0之间，水温应在22-26°C,可以喂食高质量的人工饲料，也可以适当给予活饵,小霓性格温和，群居时最为活跃，喜欢和其他红绿灯鱼一起游动。它们在群体中游动时，就像一道流动的彩虹，非常吸引人的眼球,1,小霓是群居鱼种，建议与同种鱼一起饲养，以保持其自然行为和减少压力。它们非常适合放在一个有足够空间的水族箱中，与其它温和的鱼种一起生活，共同营造出一个和谐美丽的水下世界,0,0,
10,7,3,308,墨影,PetAdoptionImages/yfydcq8uhtgokli0mja870ezl027pvojr1t1ybca56lv87g0nme8bv6prxzsz5z5.jpg,1,江苏省 / 南京市 / 玄武区,由于家庭成员对鱼缸维护产生了过敏反应，我们不得不做出艰难的决定，希望为墨影找到一个充满爱心的新家，让它能够继续享受快乐的生活,墨影身体状况良好，活力充沛，无明显疾病迹象,2024-08-03 16:00:00,无需接种,需要保持稳定的水质条件，包括pH值在6.0-7.8之间，水温在22-26°C,墨影可以接受各种高质量的热带鱼饲料，包括冻干食物、活饵如蚊子幼虫和小型水蚤。为了保持其健康状态，建议提供多样化的食物，并注意适量喂食，以避免过度喂食导致水质恶化,墨影性格温和，群居时最为活跃。它喜欢和其他黑裙鱼一起游动，非常适合与同类或其他温和的小型鱼一起饲养，形成一个和谐的社群,1,墨影是群居鱼种，建议至少成群饲养5条以上，以保持其自然行为和减少压力,0,1,
11,4,3,309,云翼,PetAdoptionImages/vfhjzw3knid0jjj0qfuyh99urciyh5fdcumw8577cuucnlzmdhldquvlbfhhphzg.jpg,3,湖北省 / 武汉市 / 武昌区,由于工作调动，需要频繁出差，无法继续提供云翼所需的日常照料和水族箱维护，希望能为云翼找到一个能给予更多关注和关怀的新家，让它能够继续快乐地生活,状况良好，活泼好动，没有明显的疾病迹象,2024-09-03 16:00:00,无需接种,需要维持水质稳定，包括pH值在6.5-7.5之间，硬度适中，水温保持在24-28°C，建议每周更换大约25%的水，并确保水族箱内的过滤系统良好运作，以保持水质清洁,云翼可以接受各种高质量的热带鱼饲料，包括片状、颗粒状食物以及偶尔的活饵或冷冻干燥食物,云翼性格较为温和，但作为成年神仙鱼，有时可能表现出一定的领地性。适合与同种或其他大型温和鱼种一起饲养,1,云翼习惯于较大的水族箱空间，并喜欢有遮蔽物和开放游泳区的环境布置。这样的环境不仅能让它感到安全，也能促进其自然行为的发展,0,0,
12,9,4,407,阳光,PetAdoptionImages/1eppe96jeb9iswxi6ikjv7c27a464geno90q1y5a5dt45zyq8j4pa966gt0mgg99.jpg,4,天津市 / 天津市 / 和平区,由于个人健康问题，无法继续提供足够的陪伴和照料，希望能为阳光找到一个充满爱心的新家,阳光身体健康，精力充沛，没有已知的健康问题。她一直保持着积极的生活态度，非常适合活跃的家庭,2024-07-12 16:00:00,已完成基础疫苗接种，包括禽流感疫苗,阳光需要定期的羽翼修剪和爪子修剪，以保持她的整洁和舒适。此外，每年至少进行一次全面的兽医检查，以确保她的健康状况良好,阳光喜欢多样化的饮食，包括新鲜水果、蔬菜、种子和高质量的鹦鹉颗粒饲料。避免喂食含糖量高的食物和油炸食品,阳光性格开朗且好奇，非常喜欢互动，能够模仿简单的词语和声音。需要每天有足够的社交时间和玩耍时间来保持快乐和健康,1,阳光对嘈杂的声音比较敏感，需要一个相对安静的环境，以避免过度的压力。她非常适合那些愿意花时间与鹦鹉互动的家庭,1,1,
13,2,4,404,小云,PetAdoptionImages/opd6exov00z18ch4ib1w2b1qdrvcor3gg3bme183nxhtxlfmimx7rld56doighql.jpg,3,陕西省 / 西安市 / 碑林区,搬家至不允许养宠物的新住所，希望能为小云找到一个温暖的家庭,小云身体状况良好，活泼好动，羽毛亮丽,2024-08-28 16:00:00,已完成基础疫苗接种，包括禽流感和PBFD疫苗,小云需要定期的羽毛护理，包括洗澡和偶尔的指甲修剪，以保持它的整洁和舒适。建议每半年进行一次全面的兽医检查，以确保它的健康状况良好,小云喜欢吃各种水果和蔬菜，并搭配高品质的鹦鹉饲料，避免喂食高盐分和高脂肪的食物，以及任何对鹦鹉有害的食物,小云非常友好，喜欢与人互动，可以模仿简单的单词和短语，它也喜欢玩耍，需要一些玩具来保持活跃和娱乐,1,小云在安静的环境中表现最好，不太喜欢长时间的孤独。它适合那些愿意花时间与鹦鹉互动的家庭，能够给予它足够的关注和陪伴,0,0,
14,10,4,408,阿历克斯,PetAdoptionImages/a7z9oa6jt6oc027x6c9gx7yr97krysddg0hbl6hmwt9t6dknxujv8rvtmoqzci98.jpg,5,江苏省 / 苏州市 / 姑苏区,由于工作调动，原主人无法带阿历克斯一起出国，希望给它找到一个能够给予足够关爱的新家,阿历克斯身体健康，活泼开朗，羽毛色泽鲜艳,2024-09-02 16:00:00,已完成基础疫苗接种，包括禽流感和PBFD疫苗,阿历克斯需要定期的羽毛梳理和清洁，以及定期的趾甲修剪。建议每六个月进行一次全面的兽医检查,阿历克斯主要吃高质量的鹦鹉颗粒饲料，并享受新鲜的水果和蔬菜作为补充，如苹果、香蕉、菠菜和胡萝卜。应避免喂食油炸食品、巧克力、咖啡因和酒精等对鹦鹉有害的食物,阿历克斯非常聪明且善于交际，能学会一些简单的词汇和短语。它喜欢玩耍，特别是喜欢摆弄绳索和木头玩具,1,阿历克斯是一只非常聪明且充满好奇心的鹦鹉，它喜欢与人互动，能够成为家庭中的快乐源泉。它对学习新词汇和短语有着浓厚的兴趣，经常会模仿主人的声音，带来不少乐趣。阿历克斯也非常喜欢玩具，尤其是那些可以锻炼它智力的玩具，如解谜玩具和互动式游戏,1,0,
15,11,4,410,布鲁,PetAdoptionImages/bwwcil63qk9zs0ow1ptjfov5aaxia832vmzv8pwl0zosltgu5i1o09ly4yol9u27.jpg,3,山东省 / 青岛市 / 崂山区,原主人因为家庭原因，无法继续照顾布鲁，希望为它找到一个有经验的爱鸟人士，一个能够给予它足够关爱和耐心的新家,布鲁身体状况良好，羽毛亮丽，活泼好动,2024-07-23 16:00:00,已完成基础疫苗接种，包括禽流感和PBFD疫苗,布鲁需要定期的羽毛修剪和趾甲修整，以保持其整洁和舒适。它也需要定期的社交互动以维持心理健康，避免孤独感导致的行为问题,布鲁主要食用高质量的鹦鹉颗粒饲料，并辅以新鲜水果、蔬菜和偶尔的种子和坚果，但要限制其摄入量以避免脂肪积累,布鲁非常聪明且好奇心强，能够学会模仿人类语言和环境中的声音。它喜欢与人互动，也喜欢玩耍各种鹦鹉玩具,1,布鲁有时会表现出轻微的领地意识，需要温和而一致的训练来帮助它适应新环境。布鲁在较为安静的环境中表现最好，不太喜欢长时间的孤独。为了帮助布鲁顺利过渡到新家，建议新主人给予它足够的耐心和时间,0,0,
16,8,5,501,小球,PetAdoptionImages/e954fii3jkd7e6rjfuj53fgd3skv13kpa56ebwuvjrh8hbceiykb54a7s9bxv6k2.jpg,1,湖南省 / 长沙市 / 芙蓉区,原主人因为工作调动，无法继续照顾小球，希望能为它找到一个温馨的家庭,小球身体健康，毛色光滑，活泼好动，没有明显的健康问题,2024-08-17 16:00:00,无需接种,小球需要定期清洁笼子，保证生活环境的卫生。还需要提供足够的木屑供其挖掘以及磨牙棒帮助牙齿保养，以避免牙齿过长带来的不适,小球主要食用高质量的仓鼠混合饲料，同时可以适量补充新鲜的蔬菜和水果，确保每天有足够的清水可供饮用，保持其水分平衡,小球性格温顺，喜欢与人互动。它很好奇，喜欢探索新的事物，也很享受被轻轻抚摸。它活泼好动，需要有足够的空间来奔跑和玩耍,1,小球已经习惯了晚上活动的模式，白天大部分时间都在睡觉。它适合单独饲养，因为它可能会攻击其他同伴。为了确保小球的安全和幸福，建议为它提供一个安静、没有强烈光线直射的环境,1,1,
17,20,5,503,雪球,PetAdoptionImages/r4tdlaxbvbgrqjvygul7i12hl1zqorrh77stmsv23t9jbwjljkwyek5wo84jr3bz.jpg,1,河南省 / 郑州市 / 二七区,由于家庭成员对宠物过敏，原主人不得不寻找新家给雪球，希望能找到一个有爱心的家庭来继续照顾它,雪球身体状况良好，毛发光泽，活跃度高，没有发现任何健康问题,2024-09-01 16:00:00,无需接种,雪球需要定期清洁笼子，保持生活环境的卫生。还需要提供足够空间供其奔跑和挖掘，以及适当的玩具促进运动,雪球主要食用高质量的仓鼠混合饲料，可以适当补充新鲜的蔬菜和水果。保证每天有足够的清水可供饮用，保持其水分平衡,雪球性格活泼好动，好奇心强，喜欢探索环境，也喜欢与人互动。它很聪明，能够学会简单的指令,1,雪球习惯于夜间活动，在白天大部分时间都会睡觉。它可以和其他冬白仓鼠一起饲养，但最好从小一起长大以避免争斗,0,0,
18,16,6,601,米菲,PetAdoptionImages/rpeosk349rn5mkj5pp7u47kpyy5eu7v9dfdjxxdlqaefrf6xy0afpfgveg22b6k2.jpg,2,广东省 / 东莞市 / 虎门镇,原主人因为工作调动，需要长期出差，无法继续照料米菲，希望为它找到一个充满爱的新家,米菲身体健康，定期接受兽医检查，没有已知的健康问题，整体看起来非常健康,2024-07-09 16:00:00,无需接种,荷兰兔需要定期梳理毛发以防止打结，并且需要定期剪指甲。米菲需要一个宽敞的生活空间，以便自由地跳跃和活动,米菲主要食用高质量的干草，适量的颗粒饲料，新鲜的蔬菜，并确保有清洁的饮水。为了保持其健康状态，建议提供多样化的食物，并注意适量喂食，以避免过度喂食导致肥胖或其他健康问题,米菲性格温顺友好，对人亲近，喜欢被抚摸，也很活跃，喜欢探索新的事物。它喜欢与人互动，能够成为家庭中的快乐源泉,0,米菲习惯于白天活动，需要定期的社交互动和足够的运动空间，以保持其身心健康,0,1,
19,11,6,604,莱昂,PetAdoptionImages/1czi2zcqo7j1k1n2jlk25veu4x6kc8e3za4rclnb4ppceam41oe9897g66x1vqr7.jpg,2,辽宁省 / 沈阳市 / 和平区,由于家庭成员对兔子毛发过敏，不得不寻找新主人。希望能为莱昂找到一个充满爱心且能给予足够关注的家庭,莱昂身体健康，活泼好动，没有已知的健康问题,2024-08-25 16:00:00,无需接种,莱昂的长毛需要定期梳理，以避免毛发打结和吞食过多毛发引起的问题。建议每周至少梳理2-3次，以保持其毛发的整洁和健康。此外，莱昂还需要定期剪指甲，以避免过长的指甲影响其行走和活动,莱昂主要吃干草，每天需要一定量的优质颗粒饲料，并可以适量喂食新鲜的蔬菜。确保莱昂随时有干净的水可供饮用,莱昂性格温和，好奇心强，喜欢与人互动，适应能力强，容易训练。它喜欢被抚摸，也很享受探索新的事物。莱昂非常适合那些愿意花时间与兔子互动的家庭，能够给予它足够的关注和陪伴,1,莱昂习惯于白天活动，需要定期的社交互动和足够的运动空间，以保持其身心健康,1,0,
20,12,6,602,雪球,PetAdoptionImages/6thzyx5wxh343bydu7f244c6s84enyfo3qkm6u5t6wyhqejjpknvk1y8ruqz1pt9.jpg,1,浙江省 / 宁波市 / 镇海区,主人工作调动至国外，无法携带宠物同行，希望为雪球找到一个充满爱的新家,雪球身体健康，活泼好动，无任何已知疾病史,2024-08-13 16:00:00,无需接种,由于雪球有着长而密集的毛发，需要每天至少梳理一次，以防打结，每两周需要进行一次专业级别的美容梳理，包括剪毛和清洁耳朵,雪球主要食用干草，每天需要定量的优质颗粒饲料，并可适量喂食新鲜蔬菜。确保雪球随时都有清洁的饮用水,雪球性格温顺，友好，易于亲近，喜欢安静的环境，也喜欢有人陪伴。它喜欢被抚摸，也很享受探索新的事物。雪球非常适合那些愿意花时间与兔子互动的家庭，能够给予它足够的关注和陪伴,1,雪球喜欢安静的环境，也喜欢有人陪伴，因此适合那些能够提供稳定和安宁生活环境的家庭。为了确保雪球的幸福，新家应该能够提供一个温暖、充满爱的氛围，让它感受到家的温暖,0,1,
21,9,6,609,小豆,PetAdoptionImages/jx9byxtmp3xhi89petu82djfg49empuvg6x5yu3dc51a6rq8iw3ynl65xd6f6qw8.jpg,2,辽宁省 / 大连市 / 中山区,主人即将搬入一处不允许养宠物的新公寓，希望为小豆找到一个稳定且充满爱心的新家庭,小豆身体健康，活泼好动，无任何已知疾病史,2024-09-04 16:00:00,无需接种,小豆的毛发相对短一些，但仍然需要定期的梳理，以避免毛发打结并帮助控制换毛期的掉毛量。建议每周至少梳理一次，以保持其毛发的整洁和健康,小豆的主要食物是干草，需要每日定量的优质颗粒饲料，可以适量添加新鲜蔬菜作为零食。确保小豆随时都有清洁的饮用水,小豆性格温顺，好奇心强，容易与人亲近，喜欢探索周围的环境。它喜欢被抚摸，也很享受探索新的事物,0,小豆喜欢和其他安静的小动物相处，例如另一个温和的兔子,0,0,
22,19,7,702,绿叶,PetAdoptionImages/7r1d1c4jwpw0xsmrvbjx2pkszev8l6obquc49dh1f3hfus5mrb1te46s6nxdtxt9.jpg,3,山东省 / 济南市 / 天桥区,由于个人工作调动，无法继续照顾绿叶，希望找到一个能给它温馨家的新主人,良好，无任何疾病史,2024-07-20 16:00:00,已完成基础疫苗接种，包括乌龟呼吸道疾病疫苗,需要定期检查并清洁龟壳，保持水质清洁，以及提供充足的阳光照射,,绿叶性格温顺，喜欢安静的环境，经常晒太阳。它也很享受被轻轻触摸头部。绿叶非常适合那些愿意花时间与龟互动的家庭，能够给予它足够的关注和陪伴,1,绿叶喜欢游泳，所以需要一个足够大的水池或水缸，此外，它还喜欢探索周围的环境，因此需要一个安全的空间让它自由活动,0,0,
23,8,7,708,赫米,PetAdoptionImages/gcc4jo6jldtsbo6m7u3og8tuoy4efavkswwwyo6gc5fak31xwa7bjmfehsgwbfct.jpg,5,广东省 / 佛山市 / 南海区,个人健康问题，无法继续照顾赫米，希望为它找到一个可以给予更好照顾的新主人,赫米目前存在一些健康问题，它活泼好动，但最近表现出了一些症状，如食欲减退和活动减少。虽然没有严重的健康问题，但它需要定期接受兽医的检查和治疗,2024-09-06 16:00:00,已完成基础疫苗接种，包括乌龟沙门氏菌疫苗,,,赫米性格温和，喜欢在温暖的天气里晒太阳。它很好奇，喜欢探索周围的环境，但同时也需要一个安静的地方休息,1,赫米需要一个室外的围栏或室内足够大的空间来生活，以确保它可以自由地走动并有足够的日照。最好是在有草坪或者草地的环境中,0,1,
24,5,8,803,闪电,PetAdoptionImages/l4p3nzp19xbjw5vy0x5g80k6swbqaf6ivce493lhxh5pmvpzff70p3cl8v3v70cj.jpg,1,云南省 / 昆明市 / 盘龙区,因工作调动，需要频繁出差，无法提供稳定的照料环境，希望为闪电找到一个充满爱的新家,良好，无任何疾病史，定期接受兽医检查,2024-08-16 16:00:00,已完成基础疫苗接种，包括蜥蜴呼吸道疾病疫苗,,主要食用蟋蟀和钙粉补充剂，偶尔喂食少量新鲜蔬菜,闪电非常温顺，容易接触，喜欢被轻轻抚摸头部。适应能力强，不抗拒新环境,1,闪电非常活跃且温顺，非常适合有经验的宠物爱好者领养。它喜欢与人互动，适应能力强，不抗拒新环境。闪电需要一个安静、稳定的环境，以及定期的社交互动和足够的运动空间，以保持其身心健康,0,0,
25,18,8,806,斑斑,PetAdoptionImages/yolfv0od6ot9eu86b55ibn520knnkrvhgooxs7xk39ft1agw35m7d7lw6ay8ymqv.jpg,2,安徽省 / 合肥市 / 庐阳区,家庭成员对宠物相关用品过敏，不得不寻找新的主人,斑斑目前存在一些健康问题。它活泼好动，但最近表现出了一些皮肤问题。斑斑已经接受了兽医的初步检查，并正在接受治疗,2024-07-18 16:00:00,已完成基础疫苗接种，包括蜥蜴沙门氏菌疫苗,需要定期检查其趾爪是否需要修剪，以及确保生活环境的温度和湿度适宜,,斑斑非常好奇且友好，喜欢探索周围环境，容易驯化，能够与人建立亲密关系,1,斑斑已经习惯了在晚上活动，因为它是一种夜行性动物。它喜欢温暖潮湿的环境，并且需要一个有遮蔽物的栖息地,1,1,
26,18,8,809,小斑,PetAdoptionImages/cciq599iwws00yaehiwctpota4ekwdu9769kufwgagfzt4u20zex4bwzgx991okt.jpg,3,吉林省 / 长春市 / 南关区,由于个人工作调动，无法继续照顾，希望找到一个能给它足够关注的新家,非常健康，没有已知的健康问题，定期接受兽医检查,2024-08-12 16:00:00,已完成基础疫苗接种，包括蜥蜴呼吸道疾病和沙门氏菌疫苗,,主要以昆虫如蟋蟀和果蝇为主食，每周可适量喂食少量钙粉和维生素D3补充剂,小斑非常好奇且友好，容易接近，喜欢与人互动。它适应能力强，能够在新环境中迅速安定下来。小斑夜间较为活跃，喜欢探索周围的环境，并且享受被轻轻抚摸。它非常适合那些愿意花时间与宠物互动的家庭，能够给予它足够的关注和陪伴,1,小斑已经习惯了在晚上活动，因为它是一种夜行性动物。它需要一个有遮蔽物和岩石的栖息地，以模拟其自然生活环境,0,0,
27,14,9,901,金宝,PetAdoptionImages/zt269dkofwsl88j1qb5def0e6z9ds9am8uqu80q889whp0d7o3n36idmyt6f5d8g.jpg,4,黑龙江省 / 哈尔滨市 / 南岗区,因家庭成员对蛇类过敏，不得不寻找新的家庭给金宝,金宝非常健康，体重适中，皮肤光滑无损伤，眼睛明亮且清洁,2024-07-29 16:00:00,无需接种,,金宝主要以冷冻解冻的小鼠为食，每5-7天喂食一次，偶尔给予维生素和矿物质补充,金宝非常温顺，适应性强，易于处理，非常适合初学者养蛇者,1,金宝喜欢探索和爬行，所以需要一个足够大的栖息地，以供其自由移动。它还喜欢温暖的地方，因此在笼子里需要设置一个加热垫,1,1,
28,1,1,101,乐乐,PetAdoptionImages/tz7hsx0yny6pp6ef3d4ytu26iph56mixpifhgr123q604ijhfax6io5eo2385ayn.jpg,3,北京市 / 北京市 / 丰台区,由于工作变动，无法继续提供足够的陪伴时间，希望能找到一个有时间和精力照顾乐乐的新家,身体健康，定期接受兽医检查，没有已知的遗传疾病或慢性健康问题,2024-08-31 16:00:00,已完成基础疫苗接种，包括犬瘟热、犬细小病毒、犬腺病毒Ⅰ型、犬腺病毒Ⅱ型、犬副流感病毒和狂犬病疫苗,毛发浓密，需要每周至少梳理一次以防止打结。此外，耳朵需要定期清洁以避免感染,由于拉布拉多犬种易肥胖，乐乐遵循低脂肪、高蛋白的饮食计划，每天分两次喂食高质量的狗粮，控制食量以维持理想体重,乐乐非常友好和活泼，喜欢与人互动，特别擅长学习新指令，是一个忠诚的家庭伴侣,0,,0,0,
29,15,1,102,米奇,PetAdoptionImages/hgxyh9vcyr3y15y7rrms3sagxtiao4dxtsdlf2y4u9qu5a7wi3wnmt4g2sfmzppq.jpg,2,上海市 / 上海市 / 长宁区,因为个人生活变化，无法继续给予米奇所需的关注和照顾，希望为他找到一个能够提供稳定生活环境的新家庭,米奇近期出现了毛发问题，表现为局部脱毛。虽然没有严重的健康问题，但兽医已经开始对其进行初步检查，并提供了相应的治疗方案,2024-08-09 16:00:00,已完成基础疫苗接种，包括犬瘟热、犬细小病毒、犬腺病毒Ⅰ型、犬腺病毒Ⅱ型、犬副流感病毒和狂犬病疫苗,,米奇需要小而频繁的餐食，以满足小型犬的能量需求。推荐使用专门为小型犬配制的高质量狗粮，避免喂食人类食物,米奇非常忠诚且充满活力，有时会显得有点警惕陌生人，他非常喜欢与家人在一起，并享受在家中安全的角落休息,1,米奇对新的环境和人可能需要一些时间适应，但他一旦熟悉之后就会变得非常友好和亲近,0,1,
30,13,1,103,阳光,PetAdoptionImages/ha4rsuuevu8diu1mt19u68j7pwmkoyrchtphtw52erj1sh3ed41nu9877bqm0eg2.jpg,3,广东省 / 广州市 / 海珠区,因工作调动需要长期出差，无法继续给予阳光所需的日常陪伴和活动空间，希望为他找到一个充满爱的家庭,阳光身体健康，无遗传疾病史，定期接受兽医检查，目前状态良好,2024-07-11 16:00:00,已完成基础疫苗接种，包括犬瘟热、犬细小病毒、犬腺病毒Ⅰ型、犬腺病毒Ⅱ型、犬副流感病毒、狂犬病疫苗、犬钩端螺旋体疫苗和犬冠状病毒疫苗,夏季需要定期洗澡来保持皮肤健康,阳光需要均衡营养的大型犬专用狗粮，以维持其健康体重和良好的消化系统，避免喂食高脂肪的食物，以预防肥胖,阳光非常友善、忠诚且温顺，对家庭成员和其他动物都表现出极大的耐心。他喜欢外出散步和玩耍，也非常适合家庭活动,0,阳光已经掌握了基本的听从训练，如坐下、待命等指令，但也需要持续的社交化训练以确保其在不同环境下的良好表现,0,0,
31,16,1,104,极光,PetAdoptionImages/mk2wmalpvkak1x5oz8wj8d6w3jn93ziippgg8lsg8jq5t57sh1r7kkychf3csqo3.jpg,2,广东省 / 深圳市 / 龙岗区,由于搬家到没有足够户外空间的地方，无法提供极光所需的运动量和活动空间。希望能为她找到一个能够满足她活力充沛天性的新家,极光身体健康，无遗传疾病史，定期接受兽医检查，目前状态良好,2024-08-20 16:00:00,已完成基础疫苗接种，包括犬瘟热、犬细小病毒、犬腺病毒Ⅰ型、犬腺病毒Ⅱ型、犬副流感病毒、狂犬病疫苗和犬钩端螺旋体疫苗,极光的双层毛皮需要定期梳理，特别是在换季期间更需频繁梳理以帮助脱去底层绒毛,极光需要高质量的大型犬专用狗粮，以保证其能量需求和健康,极光非常活泼、好奇且聪明，善于与人和其他动物相处,1,极光已经掌握了基本的听从训练，但偶尔会有较强的独立意识。需要持续的训练和社交化，以保持良好的行为习惯,1,1,
32,18,1,105,雷霆,PetAdoptionImages/6u9v2rw0mvv91tg10r449hna2bvvq4c7yx5re3g8vepdk4zeljg0fq7elm7zgmfp.jpg,3,四川省 / 成都市 / 青羊区,工作变动导致无法继续照顾雷霆，需要一个能够给予他足够关注和锻炼的新家庭,雷霆身体健康，无遗传疾病史，定期接受兽医检查，目前状态良好,2024-07-25 16:00:00,已完成基础疫苗接种，包括犬瘟热、犬细小病毒、犬腺病毒Ⅰ型、犬腺病毒Ⅱ型、犬副流感病毒、狂犬病疫苗和犬钩端螺旋体疫苗,,雷霆需要高质量的成年犬专用狗粮，确保足够的蛋白质摄入来维持其肌肉力量,雷霆非常忠诚、勇敢且聪明，善于学习新的指令和技能，他喜欢与家人互动，需要大量的身体锻炼和精神刺激,0,雷霆已经掌握了基本的听从训练，如坐下、待命等指令，但偶尔会有较强的领地意识。需要持续的训练和社交化，以保持良好的行为习惯,0,0,
33,6,1,106,米洛,PetAdoptionImages/eetvo9qgeh8162e7apjm4m07hzr7iw9b5q6ecoshhvsafjrutwzljbc0vwae2kt0.jpg,2,重庆市 / 重庆市 / 沙坪坝区,由于个人生活变化，需要更多时间和精力投入到事业上，无法给米洛提供足够的陪伴和活动空间，希望为他找到一个能够提供稳定生活环境的新家庭，让他能够继续快乐地生活,米洛整体健康状况良好，没有已知的遗传性疾病或慢性健康问题,2024-08-14 16:00:00,已完成基础疫苗接种，包括犬瘟热、犬细小病毒、犬腺病毒Ⅰ型、犬腺病毒Ⅱ型、犬副流感病毒、狂犬病疫苗和犬钩端螺旋体疫苗,米洛属于短鼻犬种，需要特别注意呼吸系统的健康。在炎热天气中需要避免剧烈运动，以减少呼吸困难的风险。此外，需要定期清洁脸部褶皱以防止皮肤感染,米洛适合食用专门为小型犬设计的高质量干粮，有助于维持其体重和消化系统的健康。需要定时定量喂食，避免过量喂食导致肥胖,米洛性格温和、友善且忠诚，对家人充满爱意，他活泼好动，喜欢玩耍和进行各种活动，同时也很享受安静的时光,0,米洛已经接受了基本的服从训练，懂得基本的指令，如“坐下”、“等待”等。他适应能力强，很容易与人和其他宠物相处,1,0,
34,7,1,107,奥利弗,PetAdoptionImages/aq90zz6pse6a2053almpcr9sjnxq7v7vur7dz30z7drtlq3w7a9z81l9pr6thetp.jpg,1,浙江省 / 杭州市 / 西湖区,因为家庭成员对狗毛过敏，尽管我们都非常喜爱奥利弗，但我们不得不寻找一个能够给予他更多关爱的新家,奥利弗健康状况良好，无任何慢性疾病或遗传性疾病,2024-07-17 16:00:00,已完成基础疫苗接种，包括犬瘟热、犬细小病毒、犬腺病毒Ⅰ型、犬腺病毒Ⅱ型、犬副流感病毒和狂犬病疫苗,,奥利弗适合食用高质量的小型犬专用干粮，以维持良好的身体状态。他没有食物过敏史，但为了维持其毛发光泽，我们会给他补充一些Omega-3脂肪酸,奥利弗非常聪明、友好、活跃，容易训练。他喜欢与人互动，善于学习新的技能和技巧,0,,1,0,
35,16,1,108,巴迪,PetAdoptionImages/b1i93k9eqq2h4wayqqzynm8h5r9wopc62am51mkcf7rziw2e02crzfrp5u01949e.jpg,2,江苏省 / 南京市 / 鼓楼区,由于工作变动，需要经常出差，无法继续给予巴迪足够的陪伴和照顾，因此希望能找到一个有足够时间和精力照顾他的新主人,巴迪身体健康，无任何慢性疾病或遗传性疾病记录,2024-08-05 16:00:00,已完成基础疫苗接种，包括犬瘟热、犬细小病毒、犬腺病毒Ⅰ型、犬腺病毒Ⅱ型、犬副流感病毒和狂犬病疫苗,,巴迪适合食用高质量的成犬粮，特别是针对比格犬的配方,,0,巴迪喜欢玩接飞盘的游戏，并且非常喜欢与人和其他狗狗一起玩耍,0,0,
36,4,1,109,马克西姆斯,PetAdoptionImages/0lnl0d5gyjdbon9pri49ayfakqgmicr61lssjlng8mkmtpsmw54ad2dcb2m4w3ue.jpg,3,湖北省 / 武汉市 / 汉阳区,因家庭原因，没有足够的时间和空间继续照料马克西姆斯，希望为他找到一个能提供充足运动和关爱的新家,马克西姆斯身体状况良好，无重大健康问题,2024-07-10 16:00:00,已完成基础疫苗接种，包括狂犬病疫苗,马克西姆斯需要定期的关节保健，以帮助维持其关节健康，特别是随着年龄的增长。他还需要定期的皮肤检查和耳朵清洁，以预防常见的皮肤和耳朵问题。为了保持其健康状态，建议提供一个干净的生活环境，并确保它有足够的水源,马克西姆斯适合食用高质量的大型犬种专用狗粮，以满足其高能量需求。建议少量多餐，避免过度喂食以防止肥胖和胃扭转的风险,马克西姆斯非常忠诚、勇敢、坚定，同时也很聪明。他对家人非常友好，但对外界比较警惕，需要适当的社交训练以适应不同的人和环境,1,马克西姆斯接受过基本的服从训练，懂得遵循基本指令，如坐下、等待、召回等。他需要定期的身体锻炼，例如散步和奔跑，以消耗过剩的能量,0,1,
37,19,1,110,阿瑞斯,PetAdoptionImages/klvivhakj5c205ia7zppbt7owakt8jdro1bmb0ksgn7z8kjlkqbxa5gqqsp7laxk.jpg,2,天津市 / 天津市 / 东丽区,由于工作变动，需要经常出差，无法保证每天有足够的陪伴时间给阿瑞斯，希望为他找到一个稳定的、充满爱的家庭,阿瑞斯身体健康，无任何慢性疾病或遗传性疾病迹象,2024-09-01 16:00:00,已完成基础疫苗接种，包括犬瘟热、犬细小病毒、犬腺病毒Ⅰ型、犬腺病毒Ⅱ型、犬副流感病毒、狂犬病疫苗和犬钩端螺旋体疫苗,,,阿瑞斯性格活泼好动，非常忠诚且聪明，他对家人极其友好，但对陌生人保持一定的警惕,0,阿瑞斯喜欢户外活动，需要每天有规律的运动，比如长时间散步或奔跑,0,0,
38,20,1,111,雪球,PetAdoptionImages/gbtpbxvr19pkov829ao6s3yqmp4ckjnjq29tl2846vgim401nba0jgf20qwzjlx5.jpg,3,陕西省 / 西安市 / 雁塔区,因为家庭成员对狗毛过敏，虽然我们都非常爱雪球，但为了他的幸福和健康考虑，我们需要为他寻找一个没有过敏问题的新家,雪球近期出现了一些消化系统问题，包括偶尔的腹泻和消化不良，但总体上他的身体状况良好，没有慢性疾病或其他健康问题,2024-08-26 16:00:00,已完成基础疫苗接种，包括狂犬病疫苗,由于萨摩耶长而浓密的被毛，雪球需要定期梳理以防止打结，并且每季度进行专业的美容护理，以保持其美丽的外观并减少皮肤问题的风险,雪球应当食用高质量的成年犬专用狗粮，最好是富含Omega-3和Omega-6脂肪酸的产品，有助于维持健康的皮肤和光泽的毛发,雪球性格温和，友好，非常喜欢与人互动。他活泼好动，对新鲜事物充满好奇心，也非常聪明，容易训练。他已经掌握了基本的服从命令，并且习惯于每天定时的散步和玩耍时间,1,雪球非常喜欢玩接飞盘的游戏，也喜欢在雪地里嬉戏。他需要大量的活动空间和社交时间，适合有一个院子的家庭或者能够每天带他出去散步的主人,0,1,
39,13,1,112,小豆,PetAdoptionImages/kdtuxu0vswkz6xy9wskmx41k8ummonnfl20r85jv543ztxijp0295ojgb43uqlmy.jpg,1,江苏省 / 苏州市 / 吴江区,由于工作变动，需要频繁出差，无法给予小豆足够的陪伴时间和日常照顾，希望为它找到一个稳定且充满爱的新家，让它能够继续快乐地生活,小豆身体健康，没有已知的遗传疾病或慢性疾病,2024-07-22 16:00:00,已完成基础疫苗接种，包括狂犬病疫苗,,小豆应该食用高质量的成年犬专用狗粮，建议选择低谷物配方以减少肠胃不适的风险。适量添加新鲜蔬菜和水果作为零食，但要注意避免给它喂食对其有害的食物,小豆非常活泼、好奇且勇敢，它喜欢与家人亲密接触，也非常喜欢户外活动，比如散步、奔跑和探索新环境,1,小豆特别喜欢追逐小球和玩具，它也非常善于学习新的游戏。它适合活跃的家庭，需要定期的身体锻炼和精神刺激,1,0,
40,12,2,201,雪球,PetAdoptionImages/nzl48mqs1akoc8kgclwm7496v61eyim91dqjbpshnc5u4j9qzhm42a5qd3bp490r.jpg,3,山东省 / 青岛市 / 即墨区,因家庭成员对猫毛过敏，无法继续养宠物，希望为雪球找到一个能够给予充分关爱的新家,雪球身体健康，没有已知的遗传疾病或慢性疾病,2024-08-19 16:00:00,已完成基础疫苗接种，包括猫三联苗,雪球还需要定期的眼部清洁，因为波斯猫容易出现泪痕,雪球应该食用高质量的成年猫专用猫粮，特别是针对波斯猫的特殊配方，有助于维持其消化系统健康和毛发光泽,雪球虽然不是很活跃，但它也喜欢偶尔玩一些简单的玩具，如羽毛棒,0,雪球特别喜欢被抚摸和梳理，而且非常适应室内生活,1,1,
41,15,2,202,闪电,PetAdoptionImages/lfy5wd5133pse9zfiorm3xciprgo5fkid0vc61y8gdzy7orfntybbe36v5nfrvvf.jpg,2,湖南省 / 长沙市 / 雨花区,由于工作调动，需要长期出差，无法给予足够的陪伴和照顾，希望找到一个有爱心的家庭来继续照顾闪电,闪电身体健康，没有已知的遗传疾病或慢性疾病,2024-07-08 16:00:00,已完成基础疫苗接种，包括猫三联苗,由于暹罗猫活跃好动，需要提供适当的运动空间和玩具,闪电应该食用高质量的成年猫专用猫粮，特别是富含蛋白质的食品，有助于维持其活力和肌肉健康,闪电喜欢与人互动，渴望得到关注，并且非常喜欢玩耍,1,闪电特别喜欢智力游戏和追逐游戏，它能够学会一些简单的指令，它需要一个充满爱的家庭，最好是活跃的家庭，能提供足够的运动机会,1,0,
42,8,2,203,森林,PetAdoptionImages/3vcjfbrgwbipv7cfsy3ooideu478mnmdcq6ayfe3frg4v2owrap661udtawggsew.jpg,4,河南省 / 郑州市 / 高新区,因为家庭成员对猫毛过敏，尽管我们都非常爱森林，但我们不得不寻找一个新的家，希望有人能给它一个温暖的环境,森林身体健康，没有已知的遗传疾病或慢性疾病,2024-08-01 16:00:00,已完成基础疫苗接种，包括猫白血病病毒疫苗,缅因猫的长毛需要定期梳理，以避免打结和积聚过多的脱落毛发。建议每周至少梳理两次，特别是在换毛季节。此外，注意保持其爪子的清洁和修剪,森林应该食用高质量的成年猫专用猫粮，特别是富含蛋白质的食品，有助于维持其活力和肌肉健康。适量添加富含Omega-3脂肪酸的食物，如鱼油，可以帮助保持皮肤健康和毛发光泽。为了保持其健康状态，建议提供多样化的食物，并注意适量喂食，以避免过度喂食导致健康问题,森林非常友好、温顺且聪明，它喜欢与人互动，渴望得到关注，并且非常喜欢玩耍，虽然它独立，但也需要定期的人类陪伴，缅因猫通常很安静，但是当它们想要交流时会发出柔和的声音,1,森林非常友好、温顺且聪明。它喜欢与人互动，渴望得到关注，并且非常喜欢玩耍。虽然它独立，但也需要定期的人类陪伴,0,0,
43,10,2,204,布鲁斯,PetAdoptionImages/x50wmy71n4rzp9zb698e9076z1sksy9x6mir98pl2ahedp7p7wywsyfgw3cf1oz9.jpg,2,广东省 / 东莞市 / 厚街镇,由于工作调动，我即将搬到国外居住，而目的地国家的宠物入境规定非常严格，且费用高昂，因此不得不寻找一个能够给予布鲁斯足够关爱的新家,布鲁斯身体状况良好，无任何慢性疾病或遗传性疾病记录,2024-07-31 16:00:00,已完成基础疫苗接种，包括猫三联苗及狂犬病疫苗,英国短毛猫的毛发较短，但仍需要定期梳理以减少掉毛和预防毛球形成。建议每周至少梳理一次，并确保其生活环境干净整洁,,布鲁斯性格温和、稳重且友善。他喜欢与家人亲近，但不会过分依赖。布鲁斯对周围的事物充满好奇，喜欢探索新事物，但同时也能很好地适应日常的生活节奏,1,布鲁斯习惯使用猫砂盆，并且不挑食。他喜欢玩各种玩具，尤其是追逐类型的游戏。布鲁斯还喜欢安静地坐在窗边晒太阳，观察窗外的世界,0,0,
44,19,2,205,云朵,PetAdoptionImages/1nlszeu5nycnv4ql1h7lykwij3xgnjygfn1ly8zpnyalu6ukjrtbdehc8tukwz7x.jpg,3,辽宁省 / 沈阳市 / 铁西区,因为家庭成员对猫毛过敏，尽管我们尝试了多种方法来减轻症状，但最终为了家人的健康考虑，我们不得不为云朵寻找一个新的、充满爱的家庭,云朵身体健康，无任何已知的慢性疾病或遗传性健康问题,2024-08-22 16:00:00,已完成基础疫苗接种，包括猫三联苗及狂犬病疫苗,,云朵应该喂食高质量的成猫专用猫粮，以维持其毛发光泽和整体健康,云朵性格温顺、亲人且温柔，他非常喜欢人类的陪伴，容易相处且适应力强，云朵喜欢被抱抱和抚摸，也乐于玩耍，特别是对轻柔的声音和玩具感兴趣,0,云朵特别喜欢在温暖的地方休息，比如阳光充足的窗台上,1,1,
45,5,2,206,夜影,PetAdoptionImages/3ix771p3b0765c9n5hyi2pvkzq05t4l026jx3369rtdwozd0eouwd7ppqmj1yk6j.jpg,1,浙江省 / 宁波市 / 北仑区,由于工作变动，需要长期出差，无法继续给予夜影足够的关注和照顾，希望为夜影找到一个能够给予它充分关爱的新家,夜影身体健康，定期接受兽医检查，没有已知的健康问题,2024-07-24 16:00:00,已完成基础疫苗接种，包括猫三联苗、猫白血病病毒疫苗及猫艾滋病病毒疫苗,,夜影目前食用高质量的成猫猫粮，特别推荐含有高蛋白质的食物，以维持其肌肉健康,夜影非常聪明、活跃且好奇心强，喜欢探索周围环境,1,夜影已经习惯了使用猫砂盆，并且非常干净整洁,0,0,
46,3,2,207,冰蓝,PetAdoptionImages/mt7rkqokybeuc1bqpsd77vay8e2ukkwi3tpt2rrir28bm7stf53zrhtgmw8zrs1w.jpg,3,辽宁省 / 大连市 / 甘井子区,因为家庭成员对猫毛过敏，不得不寻找一个新的家庭给冰蓝，希望为它找到一个充满爱的新家,冰蓝身体健康，没有已知的遗传疾病或健康问题,2024-08-10 16:00:00,已完成基础疫苗接种，包括猫三联苗、猫白血病病毒疫苗及猫艾滋病病毒疫苗,俄罗斯蓝猫的短而密集的毛发需要每周至少一次的梳理，以帮助去除死毛并减少毛球的形成,冰蓝目前食用高品质的成猫猫粮，特别推荐富含Omega-3脂肪酸的食物，有助于维持其皮毛的光泽。同时，需要确保有充足的新鲜水源。为了保持其健康状态，建议提供多样化的食物，并注意适量喂食，以避免过度喂食导致健康问题,冰蓝非常聪明、安静且独立，但同时也非常亲人。他喜欢与家人共度时光，特别是享受在膝盖上被抚摸。他对新环境和陌生人可能有些警惕，但一旦熟悉后会变得非常友好,0,冰蓝已经习惯使用猫砂盆，而且非常干净整洁。他喜欢玩具鼠和悬挂式的玩具，偶尔也会玩玩纸团。冰蓝对于环境变化适应能力较强，但是可能需要一点时间来适应新的居住环境,0,1,
47,7,2,208,林诺,PetAdoptionImages/qcp8zyu2p9epm05g2viqw4ioqd1nmxole4fidbolleo7sepri2imrdh24p19cb8k.jpg,4,山东省 / 济南市 / 市中区,由于工作调动，需要搬到一个不允许养宠物的公寓，因此希望能为林诺找到一个能够给予足够关爱和空间的新家,林诺近期出现了较多的掉毛问题，可能是由于换季时的自然现象。除此之外，他的身体健康，没有已知的遗传疾病或慢性健康问题，整体看起来非常健康,2024-09-03 16:00:00,已完成基础疫苗接种，包括猫三联苗、猫白血病病毒疫苗及狂犬病疫苗,,林诺目前食用高品质的成猫猫粮，建议保持这一饮食习惯,林诺性格温顺、友好，对人亲近，但同时也有一定的独立性,1,林诺喜欢被抚摸，尤其是在下巴下面,0,0,
48,9,2,209,柯瑞,PetAdoptionImages/dz3urr44e1wq5nicfgbjtm9mthbcw9eiwn1x5zbakucnnw08wwn8cfux99b6t4su.jpg,3,广东省 / 佛山市 / 顺德区,因为家庭成员对猫毛过敏，不得不寻找一个更适合柯瑞的新家,柯瑞身体健康，无任何已知的遗传疾病或健康问题,2024-07-16 16:00:00,已完成基础疫苗接种，包括猫三联苗、猫白血病病毒疫苗及狂犬病疫苗,,柯瑞目前食用高品质的成猫猫粮，并偶尔会吃一些湿粮作为零食。建议继续这种饮食习惯，并确保有新鲜的饮用水可供饮用,柯瑞性格活泼、聪明、好奇，非常喜欢与人互动。他很亲人，喜欢被人抚摸，也很喜欢玩耍,0,柯瑞适应能力强，很快就熟悉新环境。他喜欢各种玩具，尤其是可以发出声音的玩具。柯瑞还擅长攀爬，因此需要有足够的垂直空间让他活动。为了帮助柯瑞顺利过渡到新家，建议新主人给予它足够的耐心和时间，让它逐渐适应新环境,1,1,
49,14,2,210,萨菲,PetAdoptionImages/i79bc10isx4styopi7yp1mejm2mlbl1xww9qwq5k5ubd2x8qeilopw9xr6owrw46.jpg,2,云南省 / 昆明市 / 东川区,由于工作调动，无法带萨菲一同前往新的城市居住，希望找到一个能够给予萨菲足够关爱的新家,萨菲身体健康，无任何已知的遗传疾病或健康问题,2024-08-29 16:00:00,已完成基础疫苗接种，包括猫三联苗及狂犬病疫苗,阿比西尼亚猫的短而密集的毛发需要定期梳理，以去除脱落的毛发并保持毛发的光泽。此外，定期清洁眼睛和耳朵以防感染,萨菲目前食用高品质的成猫猫粮，并偶尔会吃一些湿粮作为零食。建议继续这种饮食习惯，并确保有新鲜的饮用水可供饮用,萨菲非常活跃、好奇且聪明，非常喜欢与人互动。她很亲人，喜欢被人抚摸，也很喜欢玩耍,0,萨菲适应能力强，很快就熟悉新环境。她喜欢各种玩具，特别是可以追逐的小球。萨菲还擅长攀爬，因此需要有足够的垂直空间让她活动,0,1,
50,13,2,212,橙宝,PetAdoptionImages/85ng6bpqe1bhqjntdtjmsmf2lgeed5jpjkj98z5jy9swwp7qc9ure10whjccyxl5.jpg,3,安徽省 / 合肥市 / 瑶海区,由于家庭成员对猫毛过敏，不得不寻找一个能够给橙宝提供温馨家庭的新主人,橙宝身体健康，没有慢性病史或遗传疾病,2024-07-13 16:00:00,已完成基础疫苗接种，包括猫三联苗及狂犬病疫苗,,为了维持健康的体重，需要注意适量喂食，并提供充足的清水,橙宝非常友好且温顺，容易与人亲近,1,,0,0,
51,8,1,101,晨曦,PetAdoptionImages/q2k2blo0zue0p3f7ouu299kpxel9ejjkt8rdsx8qrj0bw4xib7r85nrs7ptj78a9.jpg,2,上海市 / 上海市 / 虹口区,由于主人的工作调动到国外，且目的地国家对宠物入境有严格限制，不得不考虑为晨曦寻找一个新家,晨曦身体健康，充满活力，定期进行身体检查，没有发现任何遗传性疾病或慢性疾病迹象,2024-08-03 16:00:00,已完成基础疫苗接种，包括狂犬病疫苗、犬细小病毒疫苗、犬瘟热疫苗和腺病毒疫苗,晨曦有着浓密而光泽的金色毛发，需要定期梳理以保持其整洁，防止打结。夏季需要特别注意防暑降温，避免长时间暴露在高温下,晨曦偏好高质量的成犬专用狗粮，同时也会定时喂食一些新鲜的蔬菜和瘦肉作为营养补充，确保其获得均衡的营养摄入,晨曦是一只非常友好、忠诚且聪明的狗狗，他喜欢与人和其他宠物互动，接受过基本的服从训练，能够听从指令如坐下、待命等。晨曦也很喜欢户外活动，特别是散步和玩捡球游戏,1,晨曦非常适合有孩子的家庭，因为他非常温柔且有耐心，能够与孩子们和谐相处。晨曦也喜欢与家人一起度过时光，无论是安静地躺在一旁还是参与家庭活动,1,0,
52,12,1,102,星光,PetAdoptionImages/mmgj16om46iqhsh6vtgb7dkh90e05qwogqeiikm4seybktmlqv3f7ybttv1xevho.jpg,3,北京市 / 北京市 / 海淀区,由于主人的工作性质发生了改变，需要经常出差，无法保证足够的时间和精力来照顾星光，因此决定为星光寻找一个可以全心全意照顾它的新家,星光身体健康，活泼好动，从未出现过任何健康问题。它定期接受兽医的身体检查，确保身体状况良好,2024-08-29 16:00:00,已完成基础疫苗接种，包括狂犬病疫苗、犬细小病毒疫苗、犬瘟热疫苗和腺病毒疫苗,星光的毛发柔软且短，但为了保持其干净和亮丽，仍建议每周至少梳理一次。夏季需要注意防暑降温，避免长时间暴露在高温环境中。此外，星光的眼睛较大，需要定期清洁眼睛周围的区域，预防可能的眼部感染,星光偏好高质量的小型犬专用狗粮，以确保其获得均衡的营养,星光是一只非常活泼、好奇且忠诚的小狗，它喜欢与人亲近，善于学习新技能，能够迅速掌握各种基本的服从训练，如坐下、握手等。星光喜欢玩耍，特别是追逐游戏和藏宝游戏,0,星光对家庭成员十分忠诚，喜欢成为关注的焦点。它适合那些愿意花时间陪伴它、并能给它提供足够关爱的家庭。星光也喜欢外出散步，但需要小心保护，避免与其他体型较大的犬只发生冲突,0,1,
53,3,1,103,曦风,PetAdoptionImages/3aqi39oubhx6e5ol9clbyysnaqor9c2ofhd377vvhmw76bgsrybh97s8sij942mv.jpg,4,北京市 / 北京市 / 丰台区,由于主人的工作调动到一个不允许养大型犬的公寓居住，无法继续为曦风提供足够的活动空间和所需的日常锻炼，因此决定为曦风寻找一个能够提供宽敞环境的新家,曦风身体健康，活力充沛，从未出现过任何健康问题,2024-08-17 16:00:00,已完成基础疫苗接种，包括狂犬病疫苗、犬细小病毒疫苗、犬瘟热疫苗和腺病毒疫苗,曦风拥有一身浓密的金色长毛，需要每周至少梳理两到三次，以防止打结和掉毛,曦风偏好高质量的大型犬专用狗粮，以确保其获得均衡的营养。偶尔会喂食一些新鲜的水果和蔬菜，但这些食物需要切碎后才能喂食，以避免噎食的风险,曦风是一只非常友好、聪明且忠诚的金毛寻回犬，它喜欢与人亲近，善于学习新技能，能够迅速掌握各种基本的服从训练，如坐下、握手等。曦风喜欢玩耍，特别是追逐游戏和接飞盘游戏。它也非常喜欢游泳，是水中的健将,1,曦风对家庭成员非常忠诚，喜欢成为关注的焦点。它适合那些愿意花时间陪伴它、并能给它提供足够关爱的家庭。曦风也非常适合有小孩的家庭，因为它温和的性格使得它可以很好地与孩子们相处,0,0,
54,3,1,104,海盗,PetAdoptionImages/dj0nsurqx2z55lop279kw4mttgzs0rgy8nmbv7q7mj2e9gg7ec4op9du432242g7.jpg,3,上海市 / 上海市 / 长宁区,由于主人工作调动至一个气候炎热的国家，考虑到哈士奇适应寒冷气候的特点，无法保证海盗在当地能得到适宜的生活条件，因此决定为其寻找一个更适合它生存的新家,海盗身体健康，精力旺盛，无遗传疾病史,2024-08-27 16:00:00,已完成基础疫苗接种，包括狂犬病疫苗、犬细小病毒疫苗、犬瘟热疫苗、腺病毒疫苗和犬副流感疫苗,为了保持口腔卫生，海盗需要定期刷牙，建议每周至少一次，或者使用宠物专用的牙齿清洁棒来帮助去除牙垢,,海盗是一只非常活泼、聪明且好奇的哈士奇，它喜欢与人亲近，善于学习新技能，能够迅速掌握各种基本的服从训练，如坐下、握手等,1,海盗对家庭成员非常忠诚，喜欢成为关注的焦点。它适合那些愿意花时间陪伴它、并能给它提供足够关爱的家庭。海盗也非常适合有经验的犬主，因为哈士奇需要一定的训练和社会化来保持良好的行为习惯,1,0,
55,10,1,105,斯图尔特,PetAdoptionImages/fdm8hpxiew3bpc41ynj6ehekemtoit7tpq2h6wuz91zcfkwcnqjw6sbzyxt9virf.jpg,2,广东省 / 广州市 / 越秀区,由于家庭成员对动物毛发严重过敏，不得不忍痛割爱寻找新家,斯图尔特身体健康，精力充沛，没有慢性疾病或遗传病史,2024-08-20 16:00:00,已完成基础疫苗接种，包括狂犬病疫苗、犬细小病毒疫苗、犬瘟热疫苗、腺病毒疫苗和犬副流感疫苗,德国牧羊犬容易出现髋关节发育不良等问题，可以通过适量补充关节保健食品来维持关节健康,,斯图尔特性格温和，聪明好学，忠诚可靠，对家人非常友好。他喜欢外出散步和玩耍，对新环境充满好奇。斯图尔特已经接受过基础训练，懂得基本的口令如坐下、待命、握手等,1,斯图尔特对于陌生人和陌生环境可能需要一段时间适应，建议新主人耐心引导，让他逐渐熟悉新的生活环境,0,0,
56,2,1,106,欢欢,PetAdoptionImages/sjlet2y75l1qtsdi2n28ei183ga3rnwnfhl07s6k851m02xl6tkoskxb4x3x1tt2.jpg,2,广东省 / 深圳市 / 罗湖区,由于个人事业的突然变化，需要长时间在国外工作，无法继续照顾欢欢，因此寻找一个充满爱心的新家,欢欢身体健康，精力充沛,2024-08-02 16:00:00,已完成基础疫苗接种，包括狂犬病疫苗、犬细小病毒疫苗、犬瘟热疫苗、腺病毒疫苗和犬副流感疫苗,由于品种特点，法国斗牛犬可能会有呼吸系统问题，需要避免剧烈运动和高温环境，以减少呼吸道负担,欢欢偏好高质量的成犬狗粮，特别是富含Omega-3脂肪酸的食物，有助于保持皮肤和毛发健康。偶尔会添加一些新鲜的蔬菜和水果作为零食，但需避免喂食对其有害的食物如洋葱、葡萄等,作为一只小型犬种，欢欢具有一定的警觉性，会对家中访客保持一定的警惕，但不会过分吠叫。尽管体型不大，欢欢却有着充沛的活力，喜欢进行适度的户外活动，如短途散步和玩耍,1,欢欢对于陌生人和陌生环境可能需要一段时间适应，建议新主人耐心引导，让他逐渐熟悉新的生活环境。他的呼噜声有时会比较大，但这正是他个性的一部分，也是他放松的表现,1,0,
57,3,1,107,绮丽,PetAdoptionImages/tyjzda5jtc48w8jgf4x3zac3si7r62434je9wzvpkcm3hg6uyda3sqyitj42rtz9.jpg,3,四川省 / 成都市 / 金牛区,绮丽是我从幼犬时期开始饲养的宝贝，她一直是我们家庭的一员。不幸的是，最近我的孩子出现了轻微的过敏症状，医生建议我们尽量减少家中宠物的毛发刺激，为了孩子的健康着想，不得不忍痛割爱,绮丽身体健康，活泼开朗。她的体重适中，肌肉发达而富有弹性，毛发光泽亮丽。每年都会定期进行全面体检，目前没有任何慢性疾病或遗传病史,2024-08-23 16:00:00,已完成基础疫苗接种，包括狂犬病疫苗、犬细小病毒疫苗、犬瘟热疫苗、腺病毒疫苗和犬副流感疫苗,绮丽属于标准型贵宾犬，毛发需要定期打理。建议每两个月进行一次专业的美容修剪，日常生活中也需要每日梳理，以防止打结,,她性格温和，对家人尤其亲近，喜欢与人互动，能够迅速融入家庭生活。在家中的时候，绮丽表现得相对安静，不会无缘无故地大声吠叫，非常适合家庭居住环境,1,,0,1,
58,7,1,108,风驰,PetAdoptionImages/zjqsnp2x0vdugh3eskulyj0xaj2ary5zoe17tvgc9lydk679hh3g570yl6oog0n4.jpg,2,重庆市 / 重庆市 / 江北区,风驰是我从小养大的伙伴，他非常聪明、忠诚。由于最近我的工作性质发生了变化，需要频繁出差，无法保证给他提供稳定的生活环境和足够的关注,风驰身体健康，精力旺盛。他的体重适中，体态匀称，毛发光泽亮丽，眼睛清澈明亮,2024-08-28 16:00:00,已完成基础疫苗接种，包括狂犬病疫苗、犬细小病毒疫苗、犬瘟热疫苗、腺病毒疫苗和钩端螺旋体疫苗,比格犬的耳朵长且下垂，容易积累污垢，建议每周至少清洁一次耳朵，以预防耳道感染。风驰非常活泼，需要大量的运动。每天至少需要散步两次，并适当增加一些有趣的户外游戏活动，比如追踪游戏等,风驰偏好高质量的成犬狗粮，特别是那些含有丰富抗氧化成分的食物，有助于提高免疫力和保持活力。他还喜欢吃一些新鲜的蔬菜和水果作为零食，例如胡萝卜条和苹果片,风驰性格温和，对家人尤其亲近，喜欢与人互动，能够迅速融入家庭生活。风驰拥有出色的嗅觉，喜欢追踪气味，适合参与寻味游戏等活动,1,,0,0,
59,18,1,109,雷克斯,PetAdoptionImages/q2em66wen4fzo775x8ef4r1oas8qep8df16g805pbmg5slt6awbs5wt16yuxk39e.jpg,3,浙江省 / 杭州市 / 上城区,雷克斯是一位忠诚、勇敢的伙伴，他一直是我们家庭的重要成员。然而，由于近期家庭中出现了一些不可抗力的情况，我们不得不为雷克斯寻找一个新的、充满爱的家。雷克斯需要大量的空间和精力充沛的主人,雷克斯身体健康，精力旺盛。他的体重适中，体态匀称，毛发光泽亮丽，眼睛清澈明亮,2024-08-07 16:00:00,已完成基础疫苗接种，包括狂犬病疫苗、犬细小病毒疫苗、犬瘟热疫苗、腺病毒疫苗和钩端螺旋体疫苗,雷克斯的皮肤较为敏感，建议使用无香料、低过敏性的洗浴产品，并保持其皮肤干燥,雷克斯偏好高质量的成犬狗粮，特别是那些含有丰富抗氧化成分的食物，有助于提高免疫力和保持活力。他还喜欢吃一些新鲜的蔬菜和水果作为零食，例如南瓜泥和蓝莓,雷克斯对家人非常忠诚，具有强烈的保护欲，会时刻守护家人安全,0,雷克斯非常喜欢在户外活动，需要定时的散步和活动时间。雷克斯还喜欢玩各种球类游戏，这不仅能消耗他的能量，还能满足他的玩耍欲望,0,0,
60,18,1,110,阿斯特拉,PetAdoptionImages/v9w419g73ug1tl9pwjoop1ys26g16sypx3zfbhu7bpzowwckln60i2wv1ol0d2pe.jpg,1,江苏省 / 南京市 / 建邺区,阿斯特拉需要大量的空间和精力充沛的主人，而我们现在的居住条件无法满足她的这些需求。因此，我们希望为阿斯特拉找到一个能够提供足够活动空间和关爱的家庭，让她继续享受快乐的生活,阿斯特拉身体状况良好，活力充沛，无明显疾病迹象,2024-08-14 16:00:00,已完成基础疫苗接种，包括狂犬病疫苗、犬细小病毒疫苗、犬瘟热疫苗、腺病毒疫苗和钩端螺旋体疫苗,为了保持良好的口腔卫生，建议每周至少为阿斯特拉刷牙一次，或者使用宠物专用的牙齿清洁棒来帮助去除牙垢,阿斯特拉对牛奶制品不耐受，因此她的饮食应尽量避免包含奶酪、酸奶等乳制品,阿斯特拉对家人非常忠诚，具有强烈的保护欲，会时刻守护家人安全。她非常聪明，能够快速学习各种指令和技巧，对于训练表现出极高的积极性,0,,0,1,
61,11,1,111,斯诺拉,PetAdoptionImages/tbdvtkn2sn1zb2akv00ajo3ywo8szxop48e2v8vnq3dx6hcn0kj8zkd6psax1m4j.jpg,2,湖北省 / 武汉市 / 汉阳区,斯诺拉是一只活泼可爱、友善亲人的好狗狗，她给我们带来了无尽的欢乐。但是，由于我个人的工作性质发生了改变，我需要长期驻外工作，无法再像以前那样给予斯诺拉足够的陪伴和照顾,斯诺拉身体健康，活泼开朗。她的体重和体态都非常理想，毛发浓密而洁白，眼睛清澈明亮,2024-08-08 16:00:00,已完成基础疫苗接种，包括狂犬病疫苗、犬细小病毒疫苗、犬瘟热疫苗、腺病毒疫苗和钩端螺旋体疫苗,斯诺拉的耳朵容易积聚湿气，需要定期检查和清洁，以避免耳螨和感染,斯诺拉不能食用含有人工色素和防腐剂的食物，因为这可能会导致过敏反应或其他健康问题。此外，她对大豆不耐受，因此她的饮食中不能含有大豆成分,斯诺拉对人非常友好，总是乐于亲近人类。斯诺拉与其他宠物相处融洽，尤其喜欢与狗类朋友一起玩耍,1,,1,1,
62,14,1,112,枫叶,PetAdoptionImages/cif3feb1ammms64yvx8s141np7xli9dko9y7x0t83ckhtqb34xnmlzrrxnwku47r.jpg,1,天津市 / 天津市 / 南开区,由于我家中的小孩最近被诊断出对宠物皮屑有过敏反应，尽管我们尝试了多种方式来减轻症状，但最终还是不得不寻找一个能够给予枫叶更好照顾的新家,枫叶身体健康，活泼好动，毛色鲜亮，眼神灵动。她每年都会进行一次全面的身体检查，以确保她的健康状况良好,2024-08-28 16:00:00,已完成基础疫苗接种，包括狂犬病疫苗、犬细小病毒疫苗、犬瘟热疫苗、腺病毒疫苗和钩端螺旋体疫苗,枫叶的毛发浓密而亮丽，需要每周至少梳理三次，特别是在换季时期，以减少掉毛现象,枫叶对玉米和小麦过敏，所以她的饮食中不能含有这些成分。此外，她也喜欢一些新鲜的蔬菜作为零食，比如胡萝卜和西兰花，以及少量的苹果和蓝莓,她能够很好地适应不同的生活环境，无论是公寓还是有院子的房子都能很好地生活。她非常聪明，能够快速学会各种指令和技巧，对于训练表现出极高的兴趣,1,枫叶是一只非常可爱、聪明、友好的柴犬，她渴望有一个充满爱的新家。如果您愿意给她一个温暖的家，请考虑领养枫叶。她一定会成为您家庭中不可或缺的一员,0,1,
63,13,2,201,琉璃,PetAdoptionImages/k1na5q30ebnkl3t00t51he00vd998ldeh9pz642d4wxhfycvc3e6f32xdh8zj7h4.jpg,3,陕西省 / 西安市 / 新城区,琉璃是一只温顺可爱的波斯猫，我们全家都非常宠爱她。不幸的是，由于我的工作性质发生了变化，我现在需要频繁出差，这意味着我无法再像以前那样花足够的时间陪伴琉璃,琉璃身体健康，毛发柔软，眼睛清澈明亮,2024-08-07 16:00:00,已完成基础疫苗接种，包括猫瘟热疫苗、猫疱疹病毒疫苗和猫卡里西病毒疫苗,波斯猫的眼睛容易积聚分泌物，需要每天清理眼角，以保持眼部卫生,琉璃对大豆和麸质成分过敏，所以她的饮食中不能含有这些成分。此外，她也喜欢一些新鲜的蔬菜作为零食，比如少量的菠菜和南瓜，以及偶尔的鸡胸肉和煮熟的鱼肉,琉璃非常温顺，很少大声叫唤，喜欢静静地待在主人身边。她非常亲近人类，也与其他猫咪相处融洽，适合多猫家庭,0,琉璃喜欢在室内活动，需要定时的玩耍时间来保持活力。她还喜欢与人互动，因此需要一个能够经常陪伴她的人,0,1,
64,2,2,202,碧玺,PetAdoptionImages/7ng02qx9mrj3p8v2fo71vckzwecegqluwtg7tbgj7isa62yg120ahnysmxb8c0a7.jpg,4,江苏省 / 苏州市 / 吴中区,碧玺是一只活泼可爱的暹罗猫，我们全家都非常疼爱她。不幸的是，由于我家中的一个小孩最近被诊断出患有严重的花粉症和动物皮屑过敏，这导致他不得不长期服用药物以控制症状,碧玺的毛发原本亮丽顺滑，但在过去的几个月里，我们注意到她的毛发开始变得干燥、易断，并且出现了轻微的脱毛现象。尽管脱毛程度并不严重，但这足以引起我们的注意,2024-08-20 16:00:00,已完成基础疫苗接种，包括猫瘟热疫苗、猫疱疹病毒疫苗和猫卡里西病毒疫苗,暹罗猫的眼睛较大，需要定期清洁眼角，保持眼部卫生,,碧玺非常活跃，喜欢玩耍，尤其是追逐游戏和攀爬。碧玺对周围的事物充满好奇心，喜欢探索新的环境。她非常喜欢与人互动，喜欢躺在主人的腿上，享受抚摸,0,碧玺对于新环境适应能力很强，但仍建议新主人耐心引导，让她逐渐熟悉新的生活环境,1,1,
65,1,2,203,晨星,PetAdoptionImages/d7sf0wr5cn17nll601071vefrm87oh11axikkghzvo0elg4k07bkkx24m8wspb6z.jpg,3,山东省 / 青岛市 / 市南区,由于家庭即将迁往一个不允许养宠物的新居所，我们不得不寻找一位能够给晨星提供温馨家庭的新主人。我们非常爱晨星，但为了她的福祉，我们希望她能够在新家得到同样的爱与关怀,晨星的整体健康状况非常好，她活泼好动，精力充沛。最近，我们注意到晨星的耳朵偶尔会有些许红肿，经过兽医诊断后确认为轻微的耳螨感染,2024-08-21 16:00:00,已完成基础疫苗接种，包括猫瘟热疫苗、猫疱疹病毒疫苗和猫卡里西病毒疫苗,晨星的耳朵需要定期清洁，以预防耳螨的再次发生。我们将会提供一份详细的护理指南，并分享我们常用的清洁方法，以确保她的耳朵保持健康,为了维持晨星的毛发光泽度和整体健康，我们推荐喂食高质量的无谷物猫粮，特别是富含Omega-3和Omega-6脂肪酸的产品。此外，我们还会定期给她添加鱼油作为补充，以进一步促进皮肤健康,晨星是一只非常友好且好奇心旺盛的猫咪。她喜欢探索周围的环境，尤其享受户外的安全区域活动。晨星也很善于与人互动，对于家中有小孩的家庭来说是个完美的选择,1,晨星非常适合那些喜欢户外探险的家庭，她需要一个安全的环境来满足她的好奇心。我们希望找到一位真正理解缅因猫特性的新主人，能够给予晨星足够的自由和爱护,0,1,
66,7,2,204,晨霜,PetAdoptionImages/y1secvw63npyl3ald5mh6gzm4o80yx21t1q69bvzux4wn4tufww6rjorxqlmnonh.jpg,2,湖南省 / 长沙市 / 天心区,由于我即将前往国外深造，无法携带宠物同行，因此不得不为晨霜寻找一个新的、充满爱的家庭。我希望晨霜能在新家继续得到悉心照料，如同在我们家一样被珍视,晨霜的整体健康状况非常好，她活泼开朗，身体健壮。最近，我们注意到晨霜的爪子偶尔会有些微肿胀，经过兽医诊断后确认为轻微的爪垫炎症,2024-08-23 16:00:00,已完成基础疫苗接种，包括猫瘟热疫苗、猫疱疹病毒疫苗和猫卡里西病毒疫苗,晨霜的爪子需要定期护理，以预防爪垫炎症的再次发生。我们会提供一份详细的护理指南，并分享我们常用的护理方法，以确保她的爪子保持健康状态,,晨霜是一只非常友好且好奇心旺盛的猫咪。她喜欢探索周围的环境，尤其享受室内活动，如玩球类游戏和攀爬,1,晨霜也很善于与人互动，对于家中有小孩的家庭来说是个完美的选择。她特别喜欢在早晨依偎着家人，享受宁静的时光,1,1,
67,19,2,205,星夜,PetAdoptionImages/er0u7zsy7g1sd7q06pwhxr9s0njhwm4m0953dd6jwrgy7keokrbbrijidkg0v5tj.jpg,1,河南省 / 郑州市 / 中原区,由于我即将开始一项长期的海外工作项目，需要频繁往返不同国家，无法稳定地照顾星夜,星夜的整体健康状况良好，她活泼好动，毛色亮丽,2024-08-06 16:00:00,已完成基础疫苗接种，包括猫瘟热疫苗、猫疱疹病毒疫苗、猫卡里西病毒疫苗和猫白血病病毒疫苗,,为了维持星夜的毛发光泽度和整体健康，我们推荐喂食高质量的低磷猫粮，特别是富含Omega-3和Omega-6脂肪酸的产品。此外，我们还会定期给她添加天然的抗氧化剂，如蓝莓和蔓越莓,星夜是一只非常友善且温顺的猫咪。她喜欢与人亲近，尤其享受与家人一起的时光。星夜对玩具特别感兴趣，尤其是那些可以追逐的玩具，比如小鼠玩具和交互式玩具,0,一星夜非常适合那些寻求安静伴侣的家庭，她需要一个安全的环境来满足她的好奇心。我们希望找到一位真正理解布偶猫特性的新主人，能够给予星夜足够的自由和爱护,1,1,
68,1,2,206,乐宝,PetAdoptionImages/utncobeytc5h9vzu7dunne7n581q7ar081os0e6dqougzdu6v3wnroycgxm2hjqo.jpg,2,广东省 / 东莞市 / 厚街镇,由于我的居住环境发生了变化，搬入了一个不允许养宠物的公寓，为了乐宝的福祉，我希望为他找到一个充满爱的新家,乐宝身体健康，精力充沛，毛发光滑，眼睛明亮。最近的一次体检显示他的体重稍微偏轻，兽医建议我们增加他的营养摄入量,2024-08-07 16:00:00,已完成基础疫苗接种，包括猫瘟热疫苗、猫疱疹病毒疫苗、猫卡里西病毒疫苗和猫白血病病毒疫苗,,为了帮助乐宝增加体重，我们推荐喂食高质量的高蛋白猫粮，特别是富含动物蛋白质的产品,乐宝是一只非常活泼且好奇心旺盛的猫咪。他喜欢探索新事物，尤其热衷于玩各种互动游戏，如追逐激光笔或玩躲猫猫,1,乐宝非常适合那些寻求充满活力伙伴的家庭，他需要一个充满刺激的环境来满足他的好奇心,0,0,
69,11,2,207,小蓝,PetAdoptionImages/zlhm19sgwgrik9rm45vtuvbxgfc0hpwicw3chv4mw4jyl6v1dfk9h3o13gmr8scy.jpg,3,辽宁省 / 沈阳市 / 大东区,由于我即将出国深造，无法带小蓝同行，为了他的幸福着想，希望能为他找到一个充满爱的新家,小蓝身体健康，精力充沛，毛色亮丽,2024-08-22 16:00:00,已完成基础疫苗接种，包括猫瘟热疫苗、猫疱疹病毒疫苗、猫卡里西病毒疫苗和猫白血病病毒疫苗,小蓝需要一个安静舒适的环境，减少紧张和压力因素，比如使用费洛蒙喷雾和音乐疗法等，以帮助他适应新环境,为了照顾到小蓝的心脏健康，我们推荐喂食低盐的处方猫粮，并且适量添加富含Omega-3脂肪酸的食物，比如三文鱼油，以支持心血管系统的健康,小蓝是一只性格温和且非常聪明的猫咪。他喜欢安静的环境，也享受与人亲密接触的时光，特别喜欢被抚摸和梳理毛发。小蓝还非常善于与人沟通，能够通过不同的叫声来表达自己的需求,1,,1,0,
70,6,2,208,林林,PetAdoptionImages/xnnfxnz94jh3g2dusgcwht55d09ntcf338s4ghsu1pcni8xk83541qt16jwojtop.jpg,1,浙江省 / 宁波市 / 镇海区,由于我近期的工作安排需要长期出差，无法保证给林林提供稳定的生活环境和日常照料，因此希望能为他找到一个充满爱心的新家,林林身体健康，活力充沛。最近的一次检查显示他的关节有些许敏感,2024-08-10 16:00:00,已完成基础疫苗接种，包括猫瘟热疫苗、猫疱疹病毒疫苗、猫卡里西病毒疫苗和猫杯状病毒疫苗,林林的长毛需要定期梳理，以防止打结和皮肤问题。每周至少需要进行两到三次彻底的梳毛,,林林是一只性格独立但又非常亲人的好伙伴。他喜欢探索周围的环境，也乐于与家人互动，特别喜欢被人抚摸和玩耍。林林还非常喜欢攀爬，有一个稳固的猫树或者高处的休息平台会让他感到非常开心,1,林林非常适合那些寻求有活力伴侣的家庭，他需要一个充满刺激和活动的空间来维持他的好奇心,0,0,
71,6,2,209,卷卷,PetAdoptionImages/uoh29g96naj3n2tvvli75who5vdlc3ikh6rbr1793prq2yh0ofq0evvu4xeaydmm.jpg,2,辽宁省 / 大连市 / 西岗区,主人即将搬入一处不允许养宠物的新公寓，希望为卷卷找到一个稳定且充满爱心的新家庭,卷卷身体健康，活泼好动。最近的一次健康检查显示他没有任何健康问题，但他对某些食物比较敏感，需要特别注意饮食选择，以避免肠胃不适,2024-08-23 16:00:00,已完成基础疫苗接种，包括猫瘟热疫苗、猫疱疹病毒疫苗、猫卡里西病毒疫苗和猫杯状病毒疫苗,卷卷的卷曲短毛不需要经常梳理，但为了保持其光泽，建议每周使用柔软的刷子轻轻梳理一次。此外，定期清洁耳朵和剪指甲也是必要的,为了避免肠胃敏感问题，我们建议喂食易消化且低敏的猫粮。可以选择专门为敏感肠胃设计的处方猫粮，也可以咨询兽医推荐合适的食品,卷卷是一只非常好奇且活泼的猫咪。他喜欢探索周围的环境，也非常喜欢与人互动，特别是喜欢被人抚摸和抱抱,0,,0,0,
72,16,2,210,阿奇,PetAdoptionImages/mx6an99f9sbvs1fo1t07d810mvlquy7fv82juh0slsweq8766lxlggwozcr7pnpb.jpg,3,山东省 / 济南市 / 历城区,由于我最近的工作调整，需要长期在国外工作，无法亲自照顾阿奇,阿奇的身体状况非常好，他定期接受全面的健康检查。最近的一次体检结果显示他没有任何健康问题。他的毛色鲜亮，眼神灵动，总是充满活力,2024-08-22 16:00:00,已完成基础疫苗接种，包括猫瘟热疫苗、猫疱疹病毒疫苗、猫卡里西病毒疫苗和猫杯状病毒疫苗,阿奇的短毛不需要复杂的护理，但为了保持其亮丽的外观，建议每天用软毛刷进行快速梳理。此外，阿奇的眼睛周围可能会有一些分泌物，需要用温水和干净的布定期清洁,,阿奇非常聪明且好奇，他喜欢探索周围的一切。他是一个活泼好动的猫咪，特别喜欢攀爬和跳跃，也喜欢玩各种互动游戏。他对人友好，喜欢与家人亲近，也很善于与其他宠物相处,0,,0,0,
73,15,2,211,乐乐,PetAdoptionImages/rrslkcd3caujvmwu16v98riyvw7jhb0t6nnrcn5z6ool2ewqa4qq6tbd5lmre5n4.jpg,2,广东省 / 佛山市 / 三水区,个人健康问题，无法继续照顾乐乐，希望为它找到一个可以给予更好照顾的新主人,乐乐非常健康，他经常进行常规的健康检查，并且从未出现过任何健康问题,2024-08-16 16:00:00,已完成基础疫苗接种，包括猫瘟热疫苗、猫疱疹病毒疫苗、猫卡里西病毒疫苗和猫杯状病毒疫苗,,乐乐对某些食物有过敏反应，特别是含有小麦的猫粮。因此，建议喂食无谷物的高品质猫粮，并且避免食用人类食物中的洋葱和大蒜等有害成分,乐乐非常友好且好奇心强，他喜欢探索新事物，也乐于与家人互动。他特别喜欢追逐玩具和攀爬，因此需要有足够的活动空间来满足他的活跃天性,1,乐乐适合那些寻求一个充满活力又不失亲人的猫咪的家庭。他需要一个充满刺激和活动的空间来满足他的好奇心,0,0,
74,15,2,212,橙宝,PetAdoptionImages/uobi5vjk91uv5vzh0tanxihqk3u5j8smhdnvh1qxtyxsmrlgf2dkyponqbebzolr.jpg,3,云南省 / 昆明市 / 官渡区,因工作调动，需要频繁出差，无法提供稳定的照料环境，希望为橙宝找到一个充满爱的新家,橙宝非常健康，他的毛色亮丽，眼睛明亮而清澈。他定期接受兽医检查，并且从未出现过任何健康问题,2024-08-04 16:00:00,已完成基础疫苗接种，包括猫瘟热疫苗、猫疱疹病毒疫苗、猫卡里西病毒疫苗、猫白血病病毒疫苗和猫杯状病毒疫苗,,橙宝对某些食物比较敏感，特别是含有玉米和大豆的猫粮。因此，建议喂食低敏配方的高品质猫粮，并且避免食用人类食物中的葱蒜类食物,橙宝性格温顺，好奇心强，他喜欢探索新事物，也乐于与家人互动。他特别喜欢追逐玩具和攀爬，因此需要有足够的活动空间来满足他的活跃天性。橙宝还喜欢安静地蜷缩在温暖的地方，享受阳光浴,1,橙宝适合那些寻求一个充满活力又不失亲人的猫咪的家庭,1,0,
75,6,3,301,霓虹泡泡,PetAdoptionImages/n8xj5dm3v5ixpl2jd7tn3y1qw6u208hg3gexd7vit0hf36ak92ckwvaqjrbqcm10.jpg,1,安徽省 / 合肥市 / 包河区,由于最近我的工作需要我频繁出差，这意味着我无法像之前那样定期照顾和维护鱼缸,霓虹泡泡非常健康，他的色彩鲜艳夺目，游动活跃。他从未表现出任何疾病迹象，并且在过去的饲养过程中一直保持着良好的状态,2024-08-21 16:00:00,无需接种,霓虹泡泡需要一个稳定的水环境，包括适当的水温和pH值。理想的水温应在22°C到26°C之间，pH值应在6.8到7.8之间,霓虹泡泡喜欢吃多种类型的饲料，包括高质量的鱼食片、冷冻红虫以及小型活饵如盐水虾,霓虹泡泡非常活跃且好奇心强，他喜欢在水草间穿梭，也会偶尔与其他鱼儿一起玩耍。他非常适应群居生活，但也可以单独饲养,0,霓虹泡泡适合那些寻求增添家中生动色彩的家庭。他需要一个有足够空间游泳的鱼缸，并且最好有水草和遮蔽物供他探索。如果你是初养者，霓虹泡泡也是个不错的选择，因为他相对容易照料,0,0,
76,4,3,302,波波,PetAdoptionImages/8yev7hpxytaoqd759zomxhdd368qsjy6txjltnrnm05bqmkr3a2lhgaul9t6iiuk.jpg,1,吉林省 / 长春市 / 宽城区,由于最近我的居住环境发生了变化，新的住所无法容纳大型鱼缸，这使得我无法继续为波波提供它所需要的宽敞生活空间,波波非常健康，他的体态优美，色彩斑斓，游动活跃,2024-08-05 16:00:00,无需接种,波波需要一个稳定的水环境，包括适当的水温和pH值。理想的水温应在23°C到28°C之间，pH值应在6.8到7.6之间,偶尔添加一些新鲜蔬菜如煮熟的菠菜叶或豌豆作为补充食物，可以帮助促进消化,波波非常活跃且好奇心强，他喜欢在水草间穿梭，也会偶尔与其他鱼儿一起玩耍。他非常适应群居生活，但也可以单独饲养,0,,1,0,
77,18,3,303,金金,PetAdoptionImages/8qz2ltv3s7hr6c0pb7ouf6rhs5fnvbgbmzbn158nxai2q2i3tdf03d44f2n6si6s.jpg,2,黑龙江省 / 哈尔滨市 / 香坊区,由于近期我的工作安排需要我频繁出差，我担心无法保证金金得到足够的日常照顾和稳定的环境,金金非常健康，它的鳞片明亮，游动活泼，没有显示出任何疾病的迹象,2024-08-02 16:00:00,无需接种,,金金喜欢吃多种类型的饲料，包括高质量的金鱼专用颗粒饲料和冻干的红虫。为了保持它的健康和活力，建议每日喂食2次，并确保每次喂食后几分钟内被吃完，避免过度喂食导致水质恶化,,0,金金是一条活泼可爱且充满好奇心的金鱼。它适合那些热爱鱼并且愿意投入时间和精力来维护水质的家庭,0,0,
78,9,3,304,小纹,PetAdoptionImages/o1tnz9qcl4xzpxkdlnqlbt3ji4uhayxydwhroyudfw346gzria8zv5xhvoqkopfe.jpg,1,北京市 / 北京市 / 西城区,由于家庭成员对鱼类鳞片产生了轻微过敏反应，不得不做出艰难决定，将小纹转让给一个能够给予它足够关爱的新家,小纹身体健康，没有遗传疾病史，也没有任何慢性病,2024-08-29 16:00:00,无需接种,,小纹偏好高质量的鱼食颗粒，偶尔也会吃一些新鲜的蔬菜碎片，如切成小块的菠菜或豌豆,小纹非常活跃，喜欢在水中快速游动。它也很好奇，经常探索鱼缸内的装饰物和其他环境,0,小纹喜欢与其他斑马鱼一起游泳，所以如果有条件的话，最好让它有一个或多个同伴,1,0,
79,20,3,308,墨墨,PetAdoptionImages/d6m10y1b8fn45uw4xyayz5tyn9bhoidi9vigncdh56txplnlw6qu2gh5c3ttpo8f.jpg,2,上海市 / 上海市 / 杨浦区,由于家中即将迎来新生儿，需要更多的时间和精力照顾孩子，因此不得不做出艰难的决定，寻找一个能给墨墨更多关注的新家,墨墨身体健康，无任何慢性疾病，也没有遗传性疾病史,2024-08-07 16:00:00,无需接种,,墨墨偏爱高质量的鱼食颗粒，偶尔也会食用新鲜的水生植物，如水草。为了保证营养均衡，建议每日喂食两到三次，每次少量,墨墨非常活跃，喜欢在水中自由游动。它对周围的环境十分好奇，经常探索鱼缸内的每一个角落,0,墨墨非常适合有一定养鱼经验的人士饲养。它不仅外表美丽，而且性格温和，能够与其他温和的热带鱼和谐相处,0,0,
80,16,3,309,飘逸,PetAdoptionImages/bwpcv04rn1d7gc2w9gtir32o8kii1lygz8abgv73c7rdkn8bwu0yhau6nsvcozok.jpg,1,广东省 / 广州市 / 荔湾区,因为近期家中进行了装修，室内环境发生了较大变化，包括光照条件和室内温度等，这可能对飘逸的健康造成潜在影响,飘逸身体健康，没有发现任何异常症状,2024-08-28 16:00:00,无需接种,为了保持飘逸的最佳状态，它需要生活在稳定的水质环境中，理想的水温应该在24-28°C之间，pH值保持在6.5-7.5,,飘逸还表现出一定的社交性，喜欢与同类或其他温和的鱼种一起游泳。它也表现出了领地意识，但一般不会过于攻击性,0,飘逸非常适合有一定养鱼经验的人士饲养。它不仅外表美丽，而且性格温和，能够与其他温和的热带鱼和谐相处,0,0,
81,17,3,311,如意,PetAdoptionImages/1odr7m3fya8j4iu5w5tg9xn9buddsm8rf0mg5hvheku61pfogehzfha82758yn3b.jpg,3,广东省 / 深圳市 / 盐田区,由于最近搬入了一个新的住所，新的住宅虽然舒适但并没有足够的室外空间来安置如意所在的鱼池,如意身体健康，活泼好动，没有出现任何疾病迹象。它的鳞片色泽鲜艳，身体形态匀称,2024-08-27 16:00:00,无需接种,为了保持如意的最佳状态，它需要生活在稳定且清洁的水中，理想的水温应该在18-25°C之间，pH值保持在7.0-8.0,如意偏爱高质量的锦鲤专用饲料，偶尔也会食用新鲜的蔬菜，如切成细丝的小白菜或菠菜,,0,虽然锦鲤不像猫狗那样需要频繁的互动，但它们可以通过观察和投喂与主人建立联系。定期观察如意的行为和健康状况，有助于及时发现潜在的问题,1,1,
82,14,4,402,小灵,PetAdoptionImages/lwldxv8i89u9fo6verb8hailuvkeyu74h2ci22zjp8fyxm7f5gbw26fjsi15npzd.jpg,3,四川省 / 成都市 / 武侯区,由于主人即将出国进修，无法带着小灵同行，因此希望能找到一位负责任的新主人，给小灵一个温暖的新家,小灵身体健康，羽毛光亮，活力充沛,2024-08-11 16:00:00,无需接种,小灵需要定期修剪翅膀上的羽毛以维持其飞行能力的同时保证安全。此外，还需要每周进行一次羽毛清洁和梳理，以保持羽毛的干净和美观,小灵喜欢吃富含营养的种子混合物，特别是含有向日葵籽、小米和草籽的混合饲料,小灵性格温顺，喜欢与人互动，常常会在主人的手指上停留。它喜欢唱歌，特别是在清晨和傍晚。小灵还非常喜欢玩耍，特别是与小铃铛或者羽毛玩具,0,小灵已经习惯了每天定时放飞一段时间，这对于它的身体和心理健康都非常重要。如果有条件的话，最好能有一个室外的飞行区域，让它能在主人的监督下自由飞翔,1,0,
83,9,4,403,小黄,PetAdoptionImages/1v91np89bbe4gti6v7j0znu7u6obzewk8fu2ko2v4u19be4vg1vahalt1bw0fef3.jpg,1,重庆市 / 重庆市 / 渝北区,因为主人即将搬到没有阳台的新公寓，无法继续为小黄提供足够的户外时间，希望为它找到一个可以提供更适宜生活环境的新家,小黄身体健康，羽毛色泽鲜艳，活力十足,2024-08-21 16:00:00,无需接种,小黄需要定期剪指甲和清洁水浴，以保持爪子和羽毛的卫生。同时，它需要一个足够宽敞的笼子，以便于飞翔和锻炼,,小黄性格活泼开朗，喜欢鸣唱，尤其是清晨和傍晚最为活跃。它非常好奇，对周围环境的变化很敏感,0,小黄喜欢听音乐，播放轻柔的古典乐有助于它放松心情。此外，为了保持羽毛的亮丽，建议每隔几天为它更换一次清洁的水浴盆,1,0,
84,17,4,404,彩彩,PetAdoptionImages/emyjq4zlzrjs30ry3ts8i37f316sjp86e13rkmhaeq6wx9eguying0akufzi2cmj.jpg,2,重庆市 / 重庆市 / 渝北区,由于主人工作变动，需要长期出差，无法保证彩彩得到充分的照顾和陪伴时间,彩彩身体健康，羽毛光泽良好，活泼好动，没有明显的健康问题,2024-08-21 16:00:00,无需接种,,彩彩的饮食应以高质量的鹦鹉专用混合饲料为主，辅以适量的新鲜水果和蔬菜。避免喂食含糖量高的食物，如糖果或巧克力，以免引起健康问题。彩彩也喜欢尝试一些坚果，但这些应适量给予,彩彩非常聪明，能够学会许多小技巧，比如捡起物品或是打开笼门,0,彩彩是一只非常友善的玄凤鹦鹉，它喜欢与人建立亲密的关系。它需要一个充满爱和耐心的新家，每天都有一定的时间让它出笼活动和玩耍,1,1,
85,10,4,405,小虎,PetAdoptionImages/k3nkc22dm1ztk831tge2rscli2fzmlv3edrjtl77upe4sr8qxrfhqjhbj7j3kovw.jpg,2,江苏省 / 南京市 / 江宁区,由于家庭成员对宠物毛发过敏，不得不做出艰难决定寻找一个能够给小虎提供更好关怀的新家,小虎健康状况良好，精力充沛，没有发现任何健康问题,2024-08-26 16:00:00,无需接种,小虎需要定期清洁笼子以保持卫生，并需要适当的环境温度控制，避免过冷或过热,小虎特别喜欢一些小种子作为零食，但应控制分量，避免影响主食摄入,小虎性格活泼开朗，好奇心旺盛，喜欢探索周围环境。它非常亲人，喜欢与人类互动，能够学会简单的词汇和短语,0,小虎是一只非常友善的虎皮鹦鹉，它喜欢与人建立亲密的关系。它需要一个充满爱和耐心的新家，每天都有一定的时间让它出笼活动和玩耍,0,0,
86,16,4,407,小阳,PetAdoptionImages/w0d4b90k2whm5jcwhb8pbuhoylemzb38hl9wx39ga0qxwcs15arns24y5y8ekjxf.jpg,3,湖北省 / 武汉市 / 东西湖区,由于主人即将前往海外工作，无法带着小阳一同前往，因此希望为它寻找一个充满爱心的新家,小阳身体健康，精力充沛，羽毛鲜艳光泽，叫声清脆悦耳,2024-08-18 16:00:00,无需接种,保持笼子的清洁对于小阳的健康至关重要，建议每天清理笼底的粪便和更换饮水。小阳也喜欢沐浴，可以定期提供浅盆水浴或温和的喷雾浴,,小阳非常聪明，能够快速掌握新的技能，比如用喙拾取物品或者玩简单的游戏。它还喜欢模仿各种声音，包括人的语言和其他鸟类的叫声,0,,0,0,
87,7,4,410,蓝蓝,PetAdoptionImages/4djh84jea0ltsa0810n25lofj4ky8ih7qgui2exs8u3l7gu1trzv6a8sufx1w9m7.jpg,3,天津市 / 天津市 / 东丽区,主人因为个人健康原因，需要长期住院治疗，无法继续照顾蓝蓝，希望能为它找到一个温暖且充满爱的新家,蓝蓝身体健康，活泼好动，羽毛色彩鲜艳且有光泽。它的眼睛明亮，喙部和爪子都非常健康,2024-08-07 16:00:00,无需接种,蓝蓝喜欢沐浴，可以定期提供浅盆水浴或温和的喷雾浴,为了保证营养均衡，可以适量添加一些小颗粒种子和坚果作为零食，但应避免喂食含油量高或含糖量高的食物。同时，蓝蓝对某些食物可能比较挑剔，需要慢慢尝试不同的食物种类来满足其口味偏好,,0,蓝蓝是一只非常友好和亲人的好奇心旺盛的蓝黄金刚鹦鹉。它需要一个充满爱和耐心的新家，每天都有一定的时间让它出笼活动和玩耍,0,1,
88,1,5,501,豆豆,PetAdoptionImages/mn2z7n34canqj604u00nmcxhbkqhmd5cemilox04prt4ls5pn89rn7ww5383wrer.jpg,1,陕西省 / 西安市 / 高新区,由于原主人即将出国深造，无法携带豆豆同行，希望能够为其找到一个有爱心的家庭继续照顾它,豆豆身体健康，毛色光亮，活泼好动。它的眼睛清澈明亮，没有任何明显的健康问题,2024-08-19 16:00:00,已完成基础疫苗接种，包括轮状病毒疫苗和腺病毒疫苗,豆豆需要定期的笼内环境清洁，以保持干净的生活空间。建议每周至少彻底清理一次笼子，并更换新鲜的木屑,豆豆对某些食物比较挑剔，需要慢慢尝试不同的食物种类来满足其口味偏好。值得注意的是，豆豆不能食用含糖量高的食物，如葡萄干，以免引起消化不良,豆豆性格温顺，好奇心强，非常喜欢与人互动。它喜欢被轻轻抚摸，也很享受在主人的手掌上探索和玩耍,0,豆豆需要一个充满爱和耐心的新家，每天都有一定的时间让它出笼活动和玩耍。为了保持其毛发的亮丽和健康，建议每天轻柔地梳理它的毛发,0,1,
89,20,5,503,雪球,PetAdoptionImages/7i630mp4p57i86xxx93dz6rxhwn8m0hw3ckm6ulryzxnc1vgmhmolu9k5fktl6j6.jpg,1,江苏省 / 苏州市 / 相城区,由于原主人即将搬到一个不允许养宠物的公寓居住，无法继续照顾雪球，希望能为它找到一个充满爱心的新家,雪球身体健康，毛色洁白如雪，在冬季会变为更浅的颜色，眼睛清澈明亮,2024-08-03 16:00:00,已完成基础疫苗接种，包括轮状病毒疫苗和腺病毒疫苗,雪球喜欢挖掘，提供一些适合挖掘的材料，如无尘木屑或纸屑，可以帮助它保持活跃和快乐。雪球还需要一个轮子供其运动，以保持体型和健康状态,雪球的饮食应以高质量的仓鼠专用混合饲料为基础，偶尔可以加入一些新鲜的蔬菜、水果以及少量的坚果，但要注意控制份量,雪球性格温顺，好奇心强，非常喜欢与人互动。它喜欢被轻轻抚摸，也很享受在主人的手掌上探索和玩耍,0,为了保持其毛发的亮丽和健康，建议每天轻柔地梳理它的毛发。雪球喜欢安静的环境，所以尽量将其放置在噪音较小的地方,1,0,
90,2,5,506,小米,PetAdoptionImages/tdf0eeopo7tchumstrgkhxmwizqqhhzz72dnugpxwtgvqfnpzwncdsddtbegvylv.jpg,1,山东省 / 青岛市 / 黄岛区,原主人因为即将出国深造，而目的地国家对于携带宠物入境有着严格的限制和隔离要求，考虑到这些因素，为了不影响小米的正常生活，希望为它找到一个稳定、充满爱的新家,小米身体状况良好，毛色光滑，眼睛明亮，没有明显的健康问题,2024-08-12 16:00:00,已完成基础疫苗接种，包括轮状病毒疫苗和腺病毒疫苗,,要注意控制份量，避免过量摄入脂肪。值得注意的是，小米对某些食物比较敏感，需要慢慢尝试不同的食物种类来满足其口味偏好。小米不能食用含糖量高的食物，如蜂蜜或糖果，以免引起消化不良,小米性格温和，好奇心强，非常喜欢与人互动。它喜欢被轻轻抚摸，也很享受在主人的手掌上探索和玩耍。小米活泼好动，喜欢在轮子里奔跑和在笼子里的隧道中穿梭,0,,0,0,
91,7,6,601,棉花,PetAdoptionImages/k4nn6kilsa0952c6lvpr41oi41q87otuw2xeczqpgmy068xjq1eeis9i5xyou6eu.jpg,2,湖南省 / 长沙市 / 岳麓区,原主人因工作变动需要长时间在国外出差，无法继续亲自照顾棉花,棉花身体健康，活泼好动，没有慢性疾病或其他健康问题,2024-08-11 16:00:00,已完成基础疫苗接种，包括兔出血症病毒疫苗和兔瘟病毒疫苗,棉花需要定期的身体检查，尤其是牙齿的检查和修剪，以确保它们不会长得过长影响进食,棉花的饮食主要以高质量的干草为主，特别是提摩西草和牧草，这些草有助于促进消化道健康。此外，它还需要适量的兔粮作为补充，每日摄入量约为体重的1-2%,棉花性格温和，好奇心强，非常喜欢与人互动。它喜欢被轻轻抚摸，也很享受在主人的手掌上探索和玩耍,1,,1,1,
92,10,6,602,绒绒,PetAdoptionImages/547mbgge12wv8o2f3o5aa30nrnwesixp91r3h3fabiy71ajitmwdtwc9rijslntk.jpg,2,河南省 / 郑州市 / 管城区,原主人因个人健康原因需要减少对宠物的照顾，希望能够为绒绒找到一个更加适合它的新家,绒绒身体健康，没有慢性疾病或其他健康问题。它的毛发浓密、柔软且富有光泽，眼睛明亮、耳朵干净，展现出非常好的健康状态,2024-08-01 16:00:00,已完成基础疫苗接种，包括兔出血症病毒疫苗和兔瘟病毒疫苗,需要定期为它剪指甲，以避免过长导致行动不便。它的耳朵需要定期清洁，以防止耳垢积累,绒绒的饮食以高质量的干草为基础，特别是牧草和提摩西草，以帮助维持健康的消化系统。它还需要适量的专用兔粮作为补充，以及新鲜的蔬菜作为零食,绒绒性格温顺，容易亲近人，非常喜欢被抚摸和拥抱。它活泼好奇，喜欢探索周围环境，也喜欢安静地躺在主人的怀里休息,1,,0,0,
93,3,6,603,小花,PetAdoptionImages/k63xamaze6veshbq1dr6ur2ysekdzge3p6tpilthtzfnc5bdypkipccvtr1sj5lm.jpg,1,广东省 / 东莞市 / 大朗镇,由于工作调动，我即将搬到国外居住，而目的地国家的宠物入境规定非常严格，且费用高昂，因此不得不寻找一个能够给予小花足够关爱的新家,小花身体健康，活力充沛,2024-08-06 16:00:00,已完成基础疫苗接种，包括兔出血症病毒疫苗和兔瘟病毒疫苗,由于迷你兔体型较小，需要一个安全舒适的生活空间，以防止意外伤害,小花的饮食以高质量的干草为基础，特别是牧草和提摩西草，这些有助于维持健康的消化系统。它还需要适量的专用兔粮作为补充，以及新鲜的蔬菜作为零食，如绿叶菜,小花性格温顺而活泼，喜欢亲近人，非常容易与人建立联系。它好奇心强，喜欢探索周围的环境，同时也享受安静的时光,0,小花非常喜欢有伴侣兔的陪伴，因此如果可能的话，最好能找到另一只性格相近的迷你兔作为它的朋友,0,1,
94,4,6,605,布丁,PetAdoptionImages/1jw0hp0ftzxp810ebenuwtrjoqq639xunfqkbgh85oatoobb5nv6nn1sci0d5a6y.jpg,3,辽宁省 / 沈阳市 / 皇姑区,原主人因为个人健康原因需要减少对宠物的照顾负担，希望能为布丁找到一个充满爱心的新家，让它继续享受快乐和健康的生活,布丁身体健壮，活力十足。它的眼睛明亮，耳朵挺立，毛色光泽亮丽，四肢强壮有力，整体表现出极佳的健康状态,2024-08-13 16:00:00,已完成基础疫苗接种，包括兔出血症病毒疫苗和兔瘟病毒疫苗,布丁的牙齿需要持续的磨牙棒以促进正常磨损，防止牙齿过长引发的问题,,布丁性格温顺而好动，喜欢亲近人，非常容易与人建立联系。它好奇心强，喜欢探索周围的环境，同时也享受安静的时光。布丁适应能力强，能够较快地适应新环境，但偶尔会表现出一些固执的行为,1,我们希望布丁的新主人能够提供一个温馨、稳定的环境，每天都有一定的时间让它出笼活动和玩耍,1,0,
95,19,6,607,奶茶,PetAdoptionImages/0rkitzdr9mtw9djyk2s41n4y9w7su5ig4oiv2hbqpxwnou9auh4abrek3r7m2vfs.jpg,2,浙江省 / 宁波市 / 海曙区,原主人因家庭成员对宠物过敏，不得不做出艰难决定寻找新家给奶茶。希望能够为它找到一个充满爱心且没有过敏问题的新家庭,奶茶身体健康，毛色光泽，眼睛清澈明亮，耳朵挺立，四肢灵活有力。它定期接受健康检查,2024-08-20 16:00:00,已完成基础疫苗接种，包括兔出血症病毒疫苗和兔瘟病毒疫苗,由于斑点兔通常有较长的耳朵，需要定期检查耳朵的清洁度以预防感染,,奶茶性格温和，非常好奇且活泼，喜欢亲近人，很容易与人建立亲密关系。它非常聪明，学习能力强，能够快速适应新环境,0,奶茶非常喜欢有人陪伴，因此如果可能的话，最好能找到一个愿意花费时间与它互动的家庭,1,1,
96,14,7,703,小火,PetAdoptionImages/imcnhuj1jq63xsfkm9idfes3e36r4qs9jbtl6tnlbsdyku1pzbgcycmoq32emk1p.jpg,5,辽宁省 / 大连市 / 旅顺口区,原主人因即将出国工作，无法携带小火一同前往，不得不做出艰难决定寻找新家给小火,小火身体健康，活力充沛，皮肤光滑，甲壳坚固,2024-08-07 16:00:00,已完成基础疫苗接种，包括沙门氏菌疫苗,小火需要一个稳定且适宜的生活环境，包括一个足够大的水箱或池塘，水温应保持在25°C至28°C之间，水质清洁并定期更换,,小火性格温和，非常好奇且活泼，容易接近，能够适应新环境。它喜欢探索周围的环境，特别是当它被放置在安全的地方时，它会四处游动并尝试不同的事物,0,小火是一只非常友好且活泼的红耳龟，非常适合生活在宽敞的水箱或池塘中。它需要一个安静、清洁且足够大的空间，有足够的活动区域和晒台,0,0,
97,18,7,704,小阳,PetAdoptionImages/vzf4cd9hwoa6cctx5be8zr2emgokv6c2dqz5cdx2ikrxxanf4neygc3igbcmjjka.jpg,4,山东省 / 济南市 / 历城区,由于工作调动，需要搬到一个不允许养宠物的公寓，因此希望能为小阳找到一个能够给予足够关爱和空间的新家,小阳身体健康，活力充沛，甲壳完整且色泽亮丽。它定期接受健康检查,2024-08-24 16:00:00,已完成基础疫苗接种，包括沙门氏菌疫苗,需要一个晒台供休息和晒太阳，以及足够的隐蔽处以提供安全感。为了保持其甲壳的健康，建议定期检查并清洁它的甲壳，保持其干燥和清洁,,小阳性格温顺，好奇心强，容易亲近人，能够很好地适应新环境,0,小阳喜欢偶尔玩弄水中的植物和装饰品，这有助于刺激它的智力发展,1,1,
98,9,7,711,小图,PetAdoptionImages/25pwlr5juhpa396n8cz2x0a27zvhpayxyh80v26dbmosi763ektn3b6ew65hbg5j.jpg,6,广东省 / 佛山市 / 禅城区,原主人因为即将搬入一个不适合养龟的新居所而不得不做出艰难的决定，转让小图,小图身体健康，活力十足，皮肤和甲壳都保持着良好的状态,2024-08-22 16:00:00,已完成基础疫苗接种，包括沙门氏菌疫苗,小图需要一个宽敞的水族箱，水位应当达到其甲壳的高度。水质必须保持清洁，建议使用过滤器来维持良好的水质,为了保持其消化系统的健康，建议避免喂食过多的高蛋白食物，并且控制喂食量，以免引起消化不良,小图性格温和，好奇心强，容易亲近人。它喜欢探索新环境，尤其喜欢在水面上漂浮，偶尔也会爬上晒台晒太阳,0,,0,0,
99,4,8,803,斑比,PetAdoptionImages/3468epqus1nn5ftc5cmilehreu5pvbjj1d0bv337bvgy7z7k83fsjm0ytcoq2767.jpg,2,云南省 / 昆明市 / 呈贡区,原主人因为个人健康原因需要减少接触宠物，因此做出了艰难的决定，寻找一个充满爱心的新家给斑比,斑比身体健康，活泼好动，皮肤光滑，没有脱皮困难或其他任何健康问题的迹象,2024-08-03 16:00:00,无需接种,斑比需要一个温暖且湿度适中的环境，建议使用加热垫保持底温，同时在饲养箱的一侧设置较高的温度区域，另一侧则为较凉爽的区域，以便它可以根据自己的需要调节体温,,斑比性格温顺，好奇心旺盛，对新奇事物表现出浓厚的兴趣。它喜欢在夜间活动，白天则倾向于躲藏起来休息,0,为了保持其皮肤和眼睛的健康，建议定期喷雾增加湿度，并确保饲养箱内有足够的水分来源供其饮用,1,1,
100,9,9,901,酷酷,PetAdoptionImages/rskboce5wqqck7mtbd6xn5rn3wijujl9nhrdwyysjwquckvy3170fifjusrz0vfe.jpg,1,安徽省 / 合肥市 / 蜀山区,原主人因为即将出国深造，无法继续照料酷酷，因此不得不做出艰难的决定，寻找一个充满爱心的新家给酷酷,酷酷身体健康，外表亮丽，没有皮肤疾病或其他健康问题,2024-08-25 16:00:00,无需接种,酷酷需要定期的蜕皮环境，比如提供适当的湿度和遮蔽处，以帮助它顺利完成蜕皮过程,酷酷主要食用冷冻解冻的小鼠，以保证食物的安全卫生。为了保证营养均衡，食物的选择会根据酷酷的年龄和生长阶段进行调整,酷酷性格温和，好奇心旺盛，对新奇事物表现出浓厚的兴趣。它喜欢在夜间活动，白天则倾向于躲藏起来休息,1,,0,0,
