POST_ID,USER_ID,CATEGORY_ID,TITLE,CONTENT,CREATION_DATE,UPDATE_DATE,IS_STICKY,LIKE_COUNT,DISLIKE_COUNT,FAVORITE_COUNT,COMMENT_COUNT,IMAGE_URL
1,1,1,求助!!!求帮忙看看狗狗怎么了,"狗狗不在自己家，好久没回去，今天去看她，叫她的时候很开心地出来，小尾巴摇，跟以前一样，但是不会跳起来搭在我身上了……
摸摸她的背，吓一大跳，瘦得摸上去都是骨头了，肚子怎么看也不像怀孕，眼睛还有污垢糊上了……
狗狗七岁多了。好怕是腹水什么的，好怕好怕，这两天也刷到很多怀念宠物的视频，好害怕好害怕，一下子哭出来，我善良的好宝宝怎么这样了呢……这两天会送医院，但现在还是想知道一下是什么情况。",2024-07-15 19:23:18,2024-07-15 19:23:18,1,0,0,0,0,PostImages/m5r1oiabvktbguyeuf5dv0ksem1xk4nfiumiystf4a93ggahni2gll7w5orgflcu.jpg
2,1,6,刚买回来的虎皮鹦鹉不吃东西的解决方法分享,"方式是喂益生菌。如果身体疾病是肠炎引起的，可以喂益生菌来调节胃肠道，减轻胃肠道的负担。改善饮食，可以喂一些蔬菜、水果，可以促进胃肠消化，增强食欲。确保环境安静，避免进食吵闹的食物。环境会让鹦鹉厌食，所以建议饲养在舒适安静的环境中。
胃肠道疾病引起腹痛、嗜睡、食欲不振等症状。这种情况可以适量喂一些益生菌，可以减少细菌生长，促进胃肠消化。也可以吃大蒜。大蒜有很好的杀菌作用，但建议只喂一颗。",2024-07-15 19:23:20,2024-07-15 19:23:20,1,0,0,0,0,
3,1,5,9件新手接猫必备用品！学生党精简版,"1、除臭喷雾
很多人容易忽视养宠的气味问题，尤其是租房或者在宿舍养猫咪的，小空间更容易有味道！经验之谈一定要买宠物专用的除臭除菌喷雾！
分享我正在用的这个，体积不大不占地方，还便宜，更重要的是效果好！按一下喷嘴，喷雾就能迅速扩散到空间内，不仅能快速除臭，还能去除常见菌，给人宠创造一个空气清新、健康卫生的生活环境。这款是宠物专用的，不管是吸入还是舔舐都无毒，幼猫用起来也很放心。
2、猫碗一对：licheers陶瓷碗
奶油色系颜值nice！瓷碗清洗起来更方便，不容易有残留，不易黑下巴。而且这款有加高设计，这样能保护猫咪颈椎~碗底也是高脚的，放在那里很稳当，不容易被打翻。
3、梳毛器
去浮毛+梳毛培养感情就能一起做到啦！尤其是长毛猫，毛发容易打结的，每天用梳子疏通一下，越梳越顺。
4、指甲剪
不能用人用的指甲刀哈，会把猫咪指甲剪劈开，很疼，一定使用专用的。
5、猫砂：里兜小银钻猫砂
6、猫砂盆：licheers蓝色特大号
7、猫抓板：pidan山谷猫抓板
8、猫咪出行包：喵先生双肩猫包
9、猫粮：鲜朗烘焙猫粮",2024-07-15 19:23:23,2024-07-15 19:23:23,0,0,0,0,0,
4,1,2,全网找猫,是的我，我的猫自己开窗跑了，希望在南山华联花园附近的朋友能够帮忙注意一下！,2024-07-15 19:23:27,2024-07-15 19:23:27,0,0,0,0,0,PostImages/bywdacqsops0ik4v3s1xz2rk1tuaskhryffzjhca5dvvjgacwlovo52mf5lug0xi.jpg
5,1,3,猪猪相亲活动,"板栗今年一岁四个月，脾气一般，偶尔暴躁，踩到软垫会爆米花跳
相亲对象是个女宝，七个月，脾气超级好，喜欢吃黄瓜，板栗特地央求我带了一截黄瓜（女宝主人说他是个好男猪）
相亲过程：见面先互相闻闻嗅嗅，接着我们板栗主动出击，围着相亲对象转圈圈（板栗你这时候再怎么转圈我也给不了你零食啊喂）
板栗咕噜咕噜，女宝也小声咕噜咕噜回话（我猜他们一定是在说悄悄话，并且成功交上了朋友，这时候我们把黄瓜拿出来了）女宝瞬间转头闻向黄瓜，女宝淑女地啃起来女宝真乖
忽然女宝沿着墙壁跑走，板栗追过去了，跳到了女宝头上，开始这样那样（板栗啊是我不好，性教育课程回去补上，我是上帝之手）给板栗抓起来掉了个头，让板栗趴在对象屁股上这样那样",2024-07-15 19:23:28,2024-07-15 19:23:28,0,0,0,0,0,PostImages/1wo4doyx6vhszlkfx5qok5f5b450u8mr4608o7jd41i2xwn3ok8f5xxhgfbd7qqc.jpg
6,2,1,求助贴 狗狗快不行了 医院也检查不出原因,"我家小狗已经14岁了，身体一直很好，两周之前突然间就不吃饭了，以前她一点都不挑嘴什么都爱吃，送去医院先后按照肠胃炎、胰腺炎、慢性肾衰来治，最终都不见好转，反而从一开始的不吃饭快速变成了不认识主人，听力视力下降、莫名的满屋乱逛，甚至会身子卡在一个角落出不来，走路也走不稳
所有的一切变化都是在短短两周之内发生的，医院也查不出原因，我看着她每天的状态都在变糟，真的好心疼，有懂得朋友知道我家小狗到底怎么了吗，感谢，求求大家",2024-07-15 19:23:29,2024-07-15 19:23:29,0,0,0,0,0,PostImages/92m010jljf442zmn4kzqegja3cc6j5rowusim4uulp1d3kvb3k2rmf889nlg6bld.jpg
7,2,2,猫咪丢失一个半月找回细节分享,"因为我自己的猫猫走丢了一个半月才找回来，这一个半月有多煎熬我实在太能体会了！故单独开帖再详细讲一下其中细节，希望能帮到有需要的人。我当时也是每天在各种“猫咪丢后找到”的帖子下面接好运，还去找玄学（现在看还挺准的！有点子东西！但是不推荐哈！），属于病急乱投医了。
我们猫是在乡下跑丢的，找猫难度简直顶级，周围能躲藏的地方太多了。而且猫丢了家里人没跟我们说，是我们周末回去才知道的，又错过了最佳找猫时机。猫咪最后是在直线距离十米的邻居家房顶上发现的，走丢期间这个地方我路过喊了无数次，我以为猫猫听到我的呼喊会回应我，但是太胆小的猫是不会回应的！我女鹅又太小了离不得人，所以半夜也无法去找猫。有条件的最好半夜、凌晨出去找猫！我们9点左右天黑了找也毫无收获，推测应该还是因为有人类活动猫咪不敢出来。
就在我跟老公商量再准备打印些寻猫启事广撒网的时候，猫咪就出现，然后我公婆就用猫粮诱惑把她抓住了！天知道我当时都绝望了，出去找猫凭的是一种执念，觉得不出去找对不起猫猫也对不起自己。而且万一猫猫就在哪个路口等我呢！
希望所有的猫咪早日回家！农村散养的猫一定要装定位器！不然丢了真的后悔莫及！",2024-07-15 19:23:30,2024-07-15 19:23:31,0,0,0,0,0,
8,2,6,猫咪耳朵清洁指南：安全清除毛发、耳垢和异物,"1.滴入洗耳液：将适量的洗耳液滴入耳道内。
2.按摩耳根：继续将猫的耳朵向上举起，充分揉捏耳根部。这样可以帮助洗耳液渗入耳道。
3.清洁耳翼：在棉签上滴一滴耳朵清洁液，从外向内擦拭耳翼，清除耳垢。
4.清洁耳道：用新的棉签，从外向内擦拭耳道，清除耳垢。
5.处理污垢：将清除的耳垢放在卫生纸上，不要扔掉。因为耳疥疮可以传播，处理污垢可以防止感染扩散。",2024-07-15 19:22:02,2024-07-15 19:22:02,0,0,0,0,0,
9,2,3,南京浦口小公柴相亲,"姓名：七郎
年龄：五岁
性格：脾气超好性格稳定的哑巴小狗从来不乱叫 不惹事 宠物医院认证方圆十公里最乖的柴犬
爷爷获得过日本内阁总理大臣赏（冠军中的冠军）品相真的没得说 。想在绝育前给孩子留个种，寻找南京适龄小母柴",2024-07-15 19:22:15,2024-07-15 19:22:15,0,0,0,0,0,PostImages/9408f4het6jyhkoc7n5ur4d0ucszga25kq3a3dutgyiqmpmy8vwooa68cm7nexat.jpg
10,2,5,暑假来了，带狗出行准备这些足够了,"独居女性又喜欢旅游，养了狗狗也不能影响出去玩的野心，所以走到哪里都要背上我的小狗。这张狗狗行李清单准备好，随时就能来一场说走就走的旅行啦！有小狗的陪伴，旅途不要太开心。这里面的物品实用率很高，不鸡肋，不累赘，都是我几经摸索后强烈给大家种草的，照着准备准没错。
1.水
狗狗出游千万不能缺水，建议给狗狗准备一个随身携带的水壶➕两个折叠碗。随身壶则是白天带狗狗在景区或者车上的时候方便随时给狗狗补充水分。
2.防虫喷雾
带狗子去户外，出门前一定要用防虫喷雾把身上喷一遍，特别是夏天来了，家长们千万不要偷懒，防虫工作一定要做好。
3.益生菌
益生菌是我们每次出游的必备品，出游的路上有各种可能性，狗狗水土不服、乱吃东西、作息不规律等等都会使狗子们的肠胃不适，益生菌是一定要准备的。
4.狗粮、湿粮、零食
找一个小罐根据出门天数给狗狗装好狗粮，另外准备一些小包装的鲜封包，以免只吃狗粮营养单一，或者挑食狗狗不好好吃狗粮。另外给狗狗带一些平时喜欢吃的零食，我们需要解闷，狗狗也需要啦。
5.雨衣
预防天气突变，狗狗一定要备上一件雨衣。去山上或者温度偏低的地方，即使不下雨，也能很好遮挡强风。",2024-07-15 19:22:16,2024-07-15 19:22:16,0,0,0,0,0,
11,3,1,猫传腹，不吃东西快饿死了，喂不进去,"领养一个多月的小橘猫，近来突然不吃东西了，精神越来越差。开始以为是猫毛拉不出来，买了化毛膏猫草益生菌，吃了也没好转。
前天看它更虚弱了，带到宠物医院去，做了一个B超，医生说肚子里面都是腹水，把器官都泡在里面了，而且有轻微的黄疸，体温有点偏低。基本上就确定是猫传腹。
检查费要一千多，打针要连续打两个多月，一支将近300块！我承受不起啊 自己家人生病都不舍得去医院，哪有多的钱给小猫看病。打电话来催我回家，让我不要治了
好心的医生看我想放弃治疗，就说也可以不做这些检查，直接开始打针，如果有好转，开始进食了，肚子变小的话，就更加可以确定是猫传腹。于是买了一支药带回家先打着。
求好心人留言支招，推荐药商，分享经验，非常感谢。",2024-07-15 19:22:17,2024-07-15 19:22:17,0,0,0,0,0,PostImages/fbeunw4jktuuhtvp4ul1d1rj4rpjko2hytaa942bw7pwq8j7uve4nl1c794dqfmz.jpg
12,3,2,猫在家里凭空消失了……,"我妈说早上十点刚给俩猫梳了毛，梳完毛就回屋子休息了，大猫和小猫（图是小猫）自己在客厅玩，但是一点半出来就怎么也找不到小猫了门窗是关着的，阳台有防护网，家里所有柜子抽屉、马桶后面的洞、冰箱里面冰箱上面、沙发下面沙发套里、被子里、洗衣机里洗衣机缝、纸箱子里、猫砂盆里………几乎是把家里都翻了一遍，还用了剪刀大法，找了三个塔luo师都说没有丢就在家里，可是就是找不到猫……距离失踪已经过了六小时……实在没有头绪了…好担心啊……
更新…已经失踪二十五小时了…家里的猫砂猫粮没动，放在门口的猫罐头也没动…昨晚把整栋楼的楼道和消防通道都看了一遍，刚刚家里人又往上几层检查了楼道和消防通道，依旧是毫无收获…问了物业说只有电梯监控，楼道没有监控…现在我们全家都怀疑是不是真的不小心让他跑出去被邻居抱走了（可是我妈妈回忆了好多遍都觉得没有开过门）…已经编辑了寻猫启事打算在小区贴一贴，希望有人可以主动联系吧…",2024-07-15 19:22:18,2024-07-15 19:22:18,0,0,0,0,0,
13,3,3,在线给笨蛋小狗征婚,征婚噜 没什么要求 帅一点就行 颜狗 随我了哈哈哈,2024-07-15 19:22:31,2024-07-15 19:22:31,0,0,0,0,0,PostImages/w82vdes35fhugguobqa0pwsezk23o9fbch2dytczkuxwx9q1up8en9lp69z7rtp2.jpg
14,3,5,这可能是最真实的宠物定位器使用反馈了,"懒狗用了两个月才来写反馈，反复横跳后买了pawfit 因为价格在几家当中算便宜的，终于写出了反馈先说结论 中规中矩 够用！！
实时定位
首先说说我吃下他家安利的实时定位功能。这个功能在app里点击【紧跟】后才会开启。在信号强的情况下基本上几十秒就会刷新一次定位。这点对于丢过狗的我而言非常实用！因为我们之前找狗时得到的信息 翻的监控都是延迟性的，基本上跑过去狗又换位置了。有了实时定位就能更快的找到狗子！这点表扬
电池续航
定位器跟电话手表的相比的优势就是续航久。我一般是出门时才会打开。基本上工作日早晚遛弯加起来1-2小时，偶尔周末出去玩一天，也会开启紧跟模式试试。这样的频率下用了大概半个月电量剩50%。
定位准确性
准确性这点和所有定位器一样中规中矩。在信号强的情况下误差比较小，差不多是肉眼可见的范围。这个范围内基本上就能叫一下狗子的名字或者开启声音就能找到方位了。关于准确性这点，我开始也很难接受，后来发现手机导航软件定位时也常常定位到隔壁楼，便释然了。如果还是比较纠结这点的，我感觉可以配一个airtag类型的定位器，弥补小范围内的准确性。",2024-07-15 19:22:36,2024-07-15 19:22:36,0,0,0,0,0,
15,3,6,2至6月幼猫喂养方法的用量,"2至6个月大的小猫可以吃奶糕或小猫粮。3个月前，小猫吃的奶糕或猫粮需要用羊奶或温水浸泡，这样更容易消化。每天喂它3-4餐。同时，小猫可以开始接种疫苗和驱虫。
3个月左右，小猫吃的食物可以逐渐由软变硬，软猫粮可以慢慢换成硬猫粮，每天喂3次，定期喂猫罐头。
小猫3-6个月龄正处于快速生长期。这个时期需要给小猫提供营养均衡、高蛋白、高热量的优质食物，以保证其快速生长所需的各种营养和能量。",2024-07-15 19:22:19,2024-07-15 19:22:19,0,0,0,0,0,
16,4,1,急!!医院查不出猫咪病因！求大神看下,"猫咪生病半月，就医3次，越来越严重！已经输液2天营养液了，越来越精神萎靡，没有丝毫起色，医院说不出所以然，该查项目都查了，望大神看看到底什么问题？
首次3月31日，因为呕吐几天就医，医生查了血常规，拍片，和查了胰腺炎说没有问题，说可能就是便秘，打了消炎药止吐针回去了。这个时候猫咪精神还很好，能吃能喝。回去后持续天3没有吐，喂了乳果糖帮助排便。
但是3天过后，猫咪又开始吐猫粮等，每天2次，4月7日带猫咪复查，又查了生化两项仍然说没有问题。又打了止吐针等回家。这时候猫咪仍然精神很好，想吃粮食，甚至4月8日上午还特别想吃。
4月8日晚上回家之后猫咪突然发现呕吐一大堆，精神萎靡，躲在桌子底下，不吃不喝，连最爱的猫条都不吃。
4月9日就医，又拍片，血常规，和b超。血常规有异常医生说因为脱水，由于之前一直因为呕吐就医，所以b超也就着重看了胃，腹部。医生说未发现异物，但是胃壁增厚，还查了有没有幽门螺杆菌，因为最近我也有点胃痛，怕是人畜共患，也是没有的。因为严重脱水，然后医生就建议输液，其实就是输液营养液，葡萄糖。",2024-07-15 19:22:47,2024-07-15 19:22:47,0,0,0,0,0,PostImages/vkp2wgmzwomc74pnrrdr84fmvy0rb6cwi7qyvrffbtscp3eftuz42h0zls7h15mu.jpg
17,4,9,上海韩国街｜Manner新开宠物友好店,"原本的网红店Nine O Nine，没想到变成Manner了！
周末的下午居然没什么人
地址：闵行区金汇南路168号",2024-07-15 19:22:48,2024-07-15 19:22:48,0,0,0,0,0,PostImages/b0l3lcy7c2jlp9dusbj4oks1h58kjnenn6uzfj4vp0w3z3d0f1g78dkhwyvdmdqh.jpg
18,4,2,乌龟丢了怎么找？,"丢了两天的乌龟终于找到了
全家人出去喝完喜酒回来发现龟又不见了
以往每次越狱都一定是在电视柜地下 所以我们就没把它越狱当回事 但他这次学聪明了 不钻电视柜底了
所以这次把全家都找了个遍都没找到
连每个房间的床底还有杂物间都找了个遍
于是我今天还搞了次狠狠的大扫除
还上网搜了各种方法去尝试 也还是没找到
但是后来 我冷静下来站在乌龟的角度思考了一下
既然它每次越狱都是只钻进电视柜底 那它肯定就不会跑远的 应该还是在客厅里
然后再按照它以往越狱的路线去判断它的爬行路线
然后终于在客厅饭桌后面跟置物架之间的缝隙里发现了它",2024-07-15 19:22:49,2024-07-15 19:22:49,0,0,0,0,0,PostImages/vq5qvk47wezesh2mtmlomkmk03zb04j0k53ojjm58h8v7vc4kdc1k4l1l1zmvjaz.jpg
19,4,3,给俺家龟找个对象,"乌龟相亲大会
一号：强强，性别男，年龄10岁，母胎单身，性格高冷霸总，龟中帅哥，魔眼，金棕色外壳，尾巴大，黏人主动
二号：欢欢，性别男，年龄7岁，母胎单身，性格活泼开朗，已墨化，黑色外壳阳光型男，尾巴更大，稍微有点蠢",2024-07-15 19:22:50,2024-07-15 19:22:50,0,0,0,0,0,PostImages/jb0vpgjyzuhtp7drj298btyuom2carq1anpg2xa982wzje4pstir5wv97166q2j3.jpg
20,4,8,新手指南｜狗狗行为纠正训练,"狗狗就像小朋友，不知道自己的行为的正确性，从小进行科学的行为训练是非常重要的，能及时纠正一些长大后改不过来的不良习惯，让更好地融入你的生活~
狗狗的行为没有好坏之分，每个狗狗都有自己独特的天性，行为纠正有利于避免产生一些伤害他人的行为，也让狗狗能更快的适应社会化的生活
过程中要用科学的方式，耐心多做鼓励引导，不能单纯的指责打骂，让狗狗摸不清头脑不知道错在哪里，作为铲屎官一定要好好的引导哦
1.呲牙
现场制止，它意识这是错误的，结合口令用no或者不行制止，每次犯错先说口令，然后同时再拍狗狗，3~ 5次纠正后，狗狗会下意识停止动作
2.乱尿尿
在固定的位置放尿垫，吸引它在熟悉的地方尿，在错误位置口头训斥，再把狗带到正确的厕所处，告诉它在这里尿
3.咬人
及时纠正行为树立威信，教导正确的方式通过no或不行指令禁止行为，及时进行处罚
4.护食
护食是狗狗的天性，喂食前让狗狗坐定在放食物，慢慢触碰安抚他，最后把食物移走，如有愤怒护食，严厉制止说no，安静下来后再放食
5.乱叫
安抚狗狗缓解紧张情绪，方式玩具分散其注意力，若对生人乱叫发出警告制止它，摸摸它传递安全友善讯息",2024-07-15 19:22:51,2024-07-15 19:22:51,0,0,0,0,0,
21,5,1,求助帖！狗狗食欲排便都正常，但是没精神,"可乐从前天开始不爱动弹，不爱跑酷，也不爱拆家了！
8天前打了狂犬疫苗，6天前都是正常的，第七天一夜之间性情突然大变，由疯狂小狗变成文静小孩了。
但是食欲是正常的，排便也没有软便情况，愿意吃东西，就是不愿意动，嗜睡
有其他宝贝出现过相似情况的吗，计划今晚带他看看医生，但是心里真的没有底。",2024-07-15 19:22:52,2024-07-15 19:22:52,0,0,0,0,0,PostImages/q8ra1qnxev97dh1pii1fhdg5z19qwvbh7wn5foyrwfoiolimidjoi202p3l3p9az.jpg
22,5,8,新手养猫 一定要学会训练训练,"猫咪的社会化训练是一个帮助猫咪更好地适应人类生活环境、与人类和其他动物和谐相处的过程，以下是一些常见的方法和要点：
1.早期接触
让猫咪在幼年时就开始接触不同的人、声音、景象和气味。
但要注意避免过度刺激，以免造成猫咪的恐惧和压力。
2.适应人类接触
经常温柔地抚摸猫咪，包括头部、下巴、背部等，让它习惯人类的触摸。
抱起猫咪时要给予足够的支撑，让它感到安全。
3.习惯家庭声音
在家中播放不同音量和类型的声音，如电视、音乐、吸尘器等，帮助猫咪适应日常生活中的声音。
4.社交化与其他动物
如果条件允许，让猫咪与友好的狗狗或其他猫咪适当接触，但要在监督下进行，确保安全。
5.习惯外出
当猫咪足够大且疫苗接种完成后，可以使用猫包或牵引绳带它外出，先从安静的环境开始，逐渐增加外出的时间和范围。
6.训练基本指令
例如“过来”“坐下”等，可以使用奖励的方式，如小零食，来强化猫咪的正确反应。
7.提供丰富的环境
准备各种猫玩具、猫爬架等，让猫咪有足够的活动和探索空间。
每只猫咪都有自己独特的性格和反应，主人需要根据猫咪的个性和情况，灵活调整训练方法和进度。",2024-07-15 19:22:54,2024-07-15 19:22:54,0,0,0,0,0,
23,5,2,深圳龙华，有人丢了虎皮鹦鹉吗？,"2024年6月3日下午一点半左右，深圳4号线到【龙胜】和【上塘】之间时，车厢飞进来一只虎皮鹦鹉——雄性，没有脚环，很会飞。我捡到带去宠物医院寄养了，如果主人在找的话，请联系我！
且为防止误领，请主人找一下小鹦鹉之前的照片，好相认。
另外，因本人6月5日下午会离开深圳，所以在那之前无人联系的话，我就认养它啦",2024-07-15 19:22:55,2024-07-15 19:22:55,0,0,0,0,0,PostImages/augkgsefqdf9j2g8c6gdv01gkh7v31so10o741ql7mx9gwa9jzszzp7dldnu6dek.jpg
24,5,3,网上自拍照与现实不符 相亲又失败了,"一转眼虎虎都已经两岁多了 一直给它保留完整之身就是想给它的猫生圆满一下 找个猫猫对象，但是相亲了好几次都失败了
一见面就说照片与本喵不符 照片看着清纯可爱，怎么一见面就是油腻大叔了…
脸大脖子粗 腿短爱发疯 我这眼瞅着它年岁渐长，找对象这事必须提上日程了
刚好啊~天猫直播相亲又开始了 老母亲撮撮小手赶紧去围观
上次就被天猫本猫的气质迷的团团转 但是人家也是小男猫
你俩只能拜把子了~不过还有很多小母猫也会来相亲
说不定就有跟虎虎合适的 老母亲已经按耐不住  准备好了罐罐小鱼干当彩礼来迎接我未来儿媳啦~
各位姨姨们也快来上搜“非萌勿扰”预约直播帮虎虎选一选吧
有小猫的铲屎官也要一起来围观一下这猫界恋综啊，回看直播√带毛孩子开开眼界~
期待一下，评论区赶紧把你们家的帅猫美喵发出来 说不定缘分就来了呢~",2024-07-15 19:22:56,2024-07-15 19:22:56,0,0,0,0,0,PostImages/qts10nbpsibtfdmz1b5yw9vi2ky90ae37wvgt6v24go7dsuvd10wuqpyvvovm0co.jpg
25,5,7,刺猬喜欢吃什么？ 这些东西它都是吃的,"刺猬它是属于一种杂食动物，也属于一种野生小哺乳动物，在野外主要是以无脊椎动物和小脊椎动物以及草类、水果类、蔬菜类等植物所食用。野外的毛毛虫、瓢虫、小型甲壳虫、蜗牛、蟋蟀、蚯蚓、都可以用来喂食，刺猬都会吃。
刺猬是属于夜行动物，买回家喂养时傍晚前后去投喂饲料刺猬所吃的食物跟水即可，不是很麻烦。我们把刺猬家养它所吃的饲料，我们是可以去自己加工的，大部分都是以肉类下脚，粮食与买的副食品、青菜等刺猬喜欢吃的按比例去饲养。刺猬在肉类中最喜欢吃的是鸡肉，所以我们也可以直接喂养鸡肉更为便利。",2024-07-15 19:22:57,2024-07-15 19:22:57,0,0,0,0,0,
26,6,1,求助帖，爱猫人士或者是宠物医生大大帮帮忙,"我的猫4岁了，没打过疫苗，因为是收养的流浪猫，现在得了黄疸，现在全身发黄，尿是棕色的，只会少量进食。
可能去年也得过黄疸，我那段时间经常出差，室友有一朝没一朝的喂，我回来看到她吐了很多黄水，但是她自己挺过来，全程没治疗没强饲。
这段时间她生了小猫，小猫们乱拉乱尿，我就拿很便宜的那种洁厕灵打扫了猫住的屋子，昨天看她全身发黄，抖音搜了一下，脑袋都要炸掉了。
网上看的全是广告，这段时间又在脱产备考，根本没有钱去给她看病，求大大们告知下如何在少花钱的情况下救治。
好心人，如果你看到了不知道怎么帮忙请点个赞顶一下，谢谢各位了！",2024-07-15 19:22:58,2024-07-15 19:22:58,0,0,0,0,0,
27,6,4,用中文在背后嘴德国狗被骂了,"第一万次意识到中文不再是身在国外的加密语言
在阿伯丁吃Taste of HK，拐弯出来碰到一老大爷带着小腊肠路过
我和朋友落二位两步，跟在他们后面缓行
小腊肠极为腿短腰长，走起路来摇曳生姿
只是步履间逐渐逼近地面的肚皮真正显出了它的几分窘迫
紧跟在它身后的我们面露慈爱，发出指指点点的声音
“真是个地出溜”
“这可太地出溜了”
我们正为前面两位听不懂而暗自窃喜
殊不知老大爷和小腊肠将将拐进一家门店
刚还不动声色的小腊肠转身就撕下了自己和善的面具
隔着门店橱窗的玻璃对着我们破口大骂
它站起来骂、它眼球突出地骂、它口水四射地骂
老大爷和我们隔着玻璃各自露出尴尬的微笑
他为自家小狗莫名其妙的暴怒感到抱歉
但剩下的三个都对事实心知肚明
人可能会听不懂中文，但小狗一定可以",2024-07-15 19:22:59,2024-07-15 19:22:59,0,0,0,0,0,
28,6,2,狗狗跑丢后历经30小时找回来了！附寻狗方法,"我们从第一天下午丢狗的第一时间，马上疯狂发朋友quan+贴寻狗启示
到第二天查监控+疯狂派发有酬金的寻狗传单，
终于在第二天晚上，有人联系我们说他们收留了狗狗，看到了我们的传单，马上带回来给我们。
也就是30个小时内，狗狗终于被我们找到了！
敲重点：
立马寻找！
传播速度要快！
争取黄金时间！
多方法多人同时进行！
找狗狗的方法：
1.第一时间：查相关监控！有方向地寻找！地毯式找狗！边找边喊它名字！
2.马上疯狂转发朋友圈、发视频号、发dou音、发小红书！
3.马上联系周边宠物店留意（因为有人可能会抱狗狗去卖！或者收留了会去买狗粮和用品）！
4.马上打印寻狗启示，去疯狂发派，去贴！
Tips.一定要争取黄金时间，
丢失的第一时间马上寻找+发朋友圈发平台+联系宠物店+派传单贴启示 4个同步进行！！
把握每一条线索去找！！
建议大家可以给狗狗配个定位器，以防万一！
希望每一个跑丢的宝贝都不会在外面受苦，都可以快点平安健康回到我们身边！",2024-07-15 19:23:00,2024-07-15 19:23:00,0,0,0,0,0,
29,6,3,家有一儿，诚邀杭州本地美女相亲！,"家里的宝宝十个月啦！想生一只留着陪伴！
留个宝宝就绝掉去！我家崽子超可爱性子超好！
希望金渐层妹妹看过来！
坐标杭州萧山区！
希望妹妹来我家里呆！
会对宝宝很好！
鸡胸肉 冻干 罐头不在话下！
脾气好的妹妹看过来！
评论区姐妹留下照片好嘛！",2024-07-15 19:23:02,2024-07-15 19:23:02,0,0,0,0,0,PostImages/t1r7qpo3o4qura9i5ayrp31atb9hgv47qlpgyc5x3k6dqgqzrr3je4r1fnyl2s78.jpg
30,6,4,分享《狗狗800个心眼子的趣事》,"养狗狗两周了，有时候视频拍不出它的好玩，因为讲述的不够完整，也不及时。
1.狗狗贪吃的趣事
柴可和其它的小狗狗一样，特别贪吃。比如一听到塑料袋的声音，它很快就会出现在你身边。我和柴可爸爸经常在沙发上看电视，有一次嗑瓜子，它想吃，但是我没给它吃，考虑它太小，怕乱吃刺激肠胃。它一直在我们身边转圈圈讨吃的，忽然它就进屋子去了。
我当时想着终于识趣了，但我又觉得不太对劲，不像它风格，就进卧室叫他，看见他趴在地上，旁边就瓜子壳，原来偷了瓜子。
这是其中一次偷吃被抓到了。当然它还有翻垃圾桶，吃花椒、柚子被抓到的时候，它总是偷溜到客厅，一听我叫他，它就会飞机耳，小腿蹬蹬地养卧室跑，到了自己的狗窝里，又当作什么事都没发生。
小狗狗很爱瞎吃东西，所以弄的我特别谨慎，稍微它不见了，我就会到处喊，下意识抠它嘴巴，必定会有点收获，它就是快乐的负担。
2.狗狗训练的趣事
柴可爸爸最近已经让柴可学会了趴下，我每次看到就会说又被骗了多少吃的。比如训练它捡球，有时候球丢出去，它也跑出去了，但是球也不捡，就回来讨吃的。",2024-07-15 19:23:04,2024-07-15 19:23:04,0,0,0,0,0,
31,7,4,小猫：妈妈你个人机,"猫猫洗澡后大变样
哈哈哈哈哈哈哈哈哈哈哈哈哈哈哈哈哈哈",2024-07-15 19:23:07,2024-07-15 19:23:07,0,0,0,0,0,PostImages/9xh5dgx27wyultxx6gcmpjp7mi1pvmiwmvrfci93g72y58wdmkhxb68a9lzic35a.jpg
32,7,6,狗狗身上有异味的处理方法,"定期清洁狗狗的居住环境：保持狗狗的生活空间清洁和干燥，定期清洗狗狗的床垫、玩具和食具等物品，以减少细菌和异味的滋生。
饮食管理：注意狗狗的饮食健康，避免喂食过于油腻或难以消化的食物，以免加重口腔异味。同时，保持狗狗充足的水分摄入也很重要。
定期带狗狗去看兽医：如果狗狗身上的异味问题持续存在，且无法通过日常清洁得到改善，建议带狗狗去看兽医。兽医可以检查是否有皮肤病、口腔疾病等潜在问题，并给予相应的治疗建议。",2024-07-15 19:23:08,2024-07-15 19:23:08,0,0,0,0,0,
33,7,5,信我！有狗的都去买！嗅闻书yyds,"家人们这个嗅闻书太可爱了！
这玩具太省铲屎官了！
每次拿出来狗子都能忙活半天",2024-07-15 19:23:09,2024-07-15 19:23:09,0,0,0,0,0,PostImages/ky2h373hzymmkqcu8xrdqnxlsxhxa1amhp0mpv6hsg60pk2ix0gcjw3oq3dyelrs.jpg
34,7,7,怎么还有人养猫焦虑呀，排解新手焦虑看这！,"怎么还有这么多人，不会养猫呀，让我来教教你
最近很多姐妹问了很多关系养猫日常中很常见的问题，接下来我们来一一解答一下
1、我刚开始养小猫，猫粮应该怎么喂呀，需要定时定量喂嘛
如果你的小猫刚接回来，两三个月这样，我建议尽量定时定点喂，因为太小的猫咪时不知道饥饱的，一次性给太多粮容易造成肠胃负担
如果你的小猫已经有五六个月大了，那你的可选择性就多了，按照我的习惯，一般跟人的作息即可。如果你的作息不规律，ok，跟着你的节奏走，但是这样子最少也要保持一天三顿的样子
2.小猫刚到家我要怎么做
小猫刚到家，建议你什么也不要做，只需要摆好水粮和猫砂，剩下的让小猫自己探索，不要太急着跟小猫去拉近关系，在陌生的环境中，可能你的友好举动在它眼里反而是伤害行为，先任他探索就好了
3、猫咪到底能不能喝牛奶
其实大部分的猫咪跟中国大部分人一样都是乳糖不耐受的，所以可以尽量选择没有乳糖的舒化奶，或者宠物牛奶
当然一部分肠胃好的猫咪，是可以适量的喝一些我们平时喝的牛奶的，但是一定要控制好量，你要是一次性给他喝一盒，有的人都受不了，别说猫咪了
好了，今天就分享这些，欢迎投稿，能解答就帮您解答，不能咱也不含糊",2024-07-15 19:23:11,2024-07-15 19:23:11,0,0,0,0,0,
35,7,8,关于如何训练宠物的建议,"训练宠物需要耐心、一致性和积极的强化。以下是一些关于如何训练宠物的建议：
1. 建立清晰的指令：使用简单、明了的指令来训练宠物，例如“坐下”、“趴下”、“来这里”等。确保你的宠物理解这些指令的含义。
2. 使用正面强化：当宠物做出正确的行为时，及时给予奖励，例如食物、赞美或玩具。这将增强宠物对正确行为的记忆，并激励它们继续这样做。
3. 保持一致：在训练过程中保持一致的指令和奖励，这将帮助宠物更快地学习和理解。
4. 分步骤训练：将训练分成小步骤进行，逐步引导宠物学习新的技能。这将使训练过程更加容易和有效。
5. 训练时间要短：宠物的注意力有限，因此训练时间要短，每次不超过 15 分钟。这样可以确保宠物保持专注和兴趣。
6. 避免惩罚：惩罚宠物可能会导致负面情绪和行为问题。相反，应该集中于鼓励和强化正确的行为。
7. 给予足够的运动和刺激：宠物需要足够的运动和刺激来保持健康和快乐。提供适当的玩具和活动，以帮助它们消耗精力。
8. 耐心和持续：训练宠物需要时间和耐心，不要期望它们能在短时间内完全掌握新的技能。持续的训练和强化将帮助宠物逐渐学会并保持良好的行为习惯。",2024-07-15 19:23:13,2024-07-15 19:23:13,0,0,0,0,0,
36,8,4,我和小猫的故事,"最近一点都没有学习和更新的欲望，突然感慨家中的第一只小猫也有两岁多了，她陪我度过了好多孤独的时光。就写写我和猫咪的故事吧
二一年末备考我在家附近找了个书店的工作，便开始筹划领养小猫的事。我从小都很喜欢小动物，也养过不少，但尤其想养一只猫咪。起初爸妈同往常一样并不同意，但在我先斩后奏之下，事实证明他们也是“口嫌体正直”的（谁能抵挡得住一只小猫咪的魅力呢）
我翻找了大量的攻略，决定在某鱼找找附近待领养的小猫。几经周折，让我遇到了我人生的第一只小狸花。我扣响了电话，很快便加上了主人的联系方式。他说猫咪他在小区里捡到的，他很负责得询问了我一些养猫条件的事情，又自己带着一些猫粮骑着电动车把猫咪从另一个小镇带过来。
小猫进到家里一点都不认生，要是去抱她她也不会吵闹，很乖巧。次日带去检查医生说没有大致问题，只是眼睛和耳朵有些发炎，所以又买了些药。起初我并没有为她想好名字，家里人便“咪咪”“咪咪”地叫，没想到后面叫顺口了，我就取咪咪的“咪”取名为“小米”。事实上，小猫带来的不仅仅是心灵上的慰藉，还有家庭关系的和谐。她渐渐成为了家人一般的存在，并持续治愈的每个人。我想，这是同为上帝造物的赠予。",2024-07-15 19:23:16,2024-07-15 19:23:16,0,0,0,0,0,
37,8,7,猫瘟 传腹 黄疸 糖尿病等科普经验贴,"今天一连刷到两三个帖子，都是说猫瘟。
正好要考雅思了，积攒一波人品。日行一善。
可能是猫多了，遇到的疑难杂症就多了，猫瘟，传腹，糖尿病、酮症酸中毒，肝炎。
· 疾病常见检查方法：生化、血常规、b超、血气
· 治疗：以猫瘟为例：
猫瘟试纸仅供参考，个人觉得还是要看血常规和生化结果。治疗大概7天左右，如果猫处于不吃不喝状态，前三天是个危险期，一般三四天左右开始吃饭就意味着在好转。当然是早发现早治疗。
根据指标来说的话，输液无非就是白细胞高就消炎，拉稀/吐就是止泻止吐，贫血严重需要输造血，白蛋白低营养差就输蛋白等等。选择一个正规医院和负责的医生很重要，只要是正规的，他们都会正确治疗。
但是最重要的是主人的辅助操作：除了输液打针，还要营养跟上。不吃不喝就强灌或者鼻饲管，买“处方流食罐头”。拉稀吐就吃布拉迪，比普通益生菌好，与抗生素不冲突。保暖保温，注意猫体温，发烧也要及时降温。多陪伴，我觉得很管用，万物都有灵性。最主要的，想减少疾病，妙三多疫苗要按照时间打全，驱虫，适龄绝育。",2024-07-15 19:23:17,2024-07-15 19:23:17,0,0,0,0,0,
38,8,5,跨境电商产品类目--宠物用品篇,"今天开始在这里记录一些知识笔记~
希望可以对大家有帮助！
18类：皮革皮具--小类产品:宠物服装、项圈、雨衣、背包、牵引绳等;
21类:日用器具--小类产品:宠物食盆、喂食器、捕鼠器、昆虫陷阱、宠物毛刷等
28类:娱乐器械--小类产品:宠物玩具等各种训练及娱乐玩具类等;
8类:手动工具--小类产品:狗狗专用指甲钳，宠物专用剪刀等;
9类:电子设备--小类产品:训狗器、止吠器等;
28类 :家具用品--小类产品:宠物窝、猫爬架、宠物靠垫等",2024-07-15 19:23:32,2024-07-15 19:23:32,0,0,0,0,0,
39,8,7,猫咪身上有跳蚤怎么办？干净有效的处理办法,"首先需要注意的是，要及时处理掉猫咪身上的跳蚤，可以买一点强效除虫的药剂，按照要求坚持给猫咪使用，这样才能出去它身上已经出现的跳蚤，而还要留意的就是，猫咪的身上可能已经出现的虫卵，这个如果遗留下来，那么也是代表着它身上的跳蚤没有出去干净。
其次就是把猫咪接触过的所有东西，都拿到太阳底下去晒，这样也能很好的起到杀虫的作用。这个过程是要坚持的，不是晒一次太阳就能把所有的“威胁”都去除干净的。
之外还可以给猫咪服用除虫的药剂，这个可以遵循医嘱适量的服用。",2024-07-15 19:23:33,2024-07-15 19:23:33,0,0,0,0,0,
40,8,8,萌宠行为训练,"如果您想让您家的萌宠变得听话又可爱的话、其实并不能难哦
第一步 要有耐心！对待狗狗需要像孩子一样、萌宠也需要时间去适应新的环境。我们要正确的引导和教育哦！
第二步 建立规矩和系统化训练计划、给狗狗定好时间表。让它知道什么时间段做什么事情、比如什么时候吃饭、什么时候睡觉、什么时候可以玩、这样他会更加好管理！
第三步 要有奖励和表扬。当狗狗做对了我们想让它做的事的时候一定要给予奖励和表扬！这样它才会慢慢清楚什么行为是主人喜欢的 、什么行为是不能做的！
第四步  一定要坚持训练。训练狗狗需要持之以恒，不要半途而废。每天日复一日的训练，狗狗会变得更加听话和懂事。这样子我们才会更省心 家庭才会更幸福！
快来尝试这些方法吧，让您家狗狗变成聪明又听话！",2024-07-15 19:23:35,2024-07-15 19:23:35,0,0,0,0,0,
41,9,6,小鸭子吃什么？妥妥的小吃货一枚,"1. 刚出壳一天的雏鸭子就可以开食。在这之前我们可以给它先饮些温水。也可以在添加适量的葡萄糖或者维生素。开食后我们就可以给它喂米饭了，建议是煮到五成熟的样子。撒在地上小鸭子自己吃就可以了，这个时候的鸭子一天需要喂6-8次。
2. 4天大的鸭子，可以喂一下煮烂的小麦或者配合饲料。一天喂养4-5次就可以了。
3. 半个月的小鸭子，每天只要喂食3次就可以了。在小鸭子开食三天左右，我们可以给它增加动物性蛋白饲料。还可以把小鱼、小虾米、蚯蚓剁碎后和饲料一起拌着喂养，还可以把青菜剁碎了撒在垫子上，自由啄食。",2024-07-15 19:23:36,2024-07-15 19:23:36,0,0,0,0,0,
42,9,4,养狗的人都懂心脏骤停的一刻,"进门发现狗子一脸谄媚
赶紧挨个屋看一遍哪里遭了",2024-07-15 19:23:37,2024-07-15 19:23:37,0,0,0,0,0,PostImages/rdwl93z6sovk1uncaslxseguj5nm9kgx7ejawj49d2k3gv43p7o5bpn2vokn33v2.jpg
43,9,5,还是养殖业的东西性价比高,"养猫第一年：可可爱爱的猫窝、宠物专用沐浴露、猫咪饮水机
养猫第五年：酸菜鱼盆、人用的氨基酸洗面奶、蜂蜜瓶+家禽饮水碗
一开始买这个家禽饮水碗配的矿泉水瓶，口太小手伸不进去，还得把上面割开。到处找不易翻倒、有盖子、口还比较大的容器，找到了这个放蜂蜜的罐子。
钻孔的位置稍微有点高了，感觉离底部5厘米就可以了。
这个饮水机的好处是碗里的东西不会倒流，进个猫毛猫粮的，把碗里水倒出去就可以了，不会污染瓶里的水。
顺便吐槽下那些宠物沐浴露，连个具体成分也不标，还卖得死贵。憨憨小时候每次洗澡都过敏，还搞不清具体什么成分过敏，愣是四年多没洗澡。前两天看他实在太油了，油得毛都打缕，就用人用的氨基酸洗面奶洗了一下，一点也没过敏，毛还柔顺光滑。人用的东西成分必须标清，氨基酸洗面奶碱性也没那么强，洗猫刚刚好。",2024-07-15 19:23:39,2024-07-15 19:23:39,0,0,0,0,0,
44,9,6,如何养金鱼，掌握这些立变养鱼达人,"首先，为了达到好的观赏性，建议选择透明的鱼缸，鱼缸大小要根据所养的数量决定，一条鱼大概需要75升的空间，订好鱼的数量，再按这要求选择合适的鱼缸。
其次，买鱼时根据鱼缸大小买多少条，金鱼不仅会捕食比自己小的鱼类，还会暴饮暴食，和同伴们争抢食物。所以最好买同一品种的鱼，如果买了比它弱小的鱼，要用隔板将它们隔开。
最后，喂养金鱼时每天固定1-2次，可以早晚喂。但切记一次不可投放太多量，以可供鱼食用1分钟为佳，投太多容易造成鱼过饱，而且多的鱼食吃不完，残留在缸内容易造成污染。",2024-07-15 19:23:40,2024-07-15 19:23:40,0,0,0,0,0,
45,9,7,公犬绝育手术后的护理：绝育后注意事项及禁食原因,"1.避免伤口感染
2.保持伤口干燥，避免接触水或洗澡。
3.不要让狗狗舔伤口，可以使用伊丽莎白圈。
4.如果狗狗舔伤了伤口，应尽快带去医院重新缝合。
5.公犬绝育手术后的护理
6.术后不要立马吃东西
7.手术后回家后不要立即进食，以免因麻醉未消而引起呕吐。
8.母犬排便前喂食量为平时的一半，排便后恢复正常饮食。
9.定期检查
10.绝育手术后一般失血量约2毫升，无需补充特殊营养物质。
11.术后会有7-10天的伤口恢复期，需给狗狗服用消炎镇痛药。
12.在医生告知的时间带狗狗去医院拆线。",2024-07-15 19:23:41,2024-07-15 19:23:41,0,0,0,0,0,
46,10,4,妈妈，我在垃圾桶等你～,"猫咪的神秘冒险：卫生间垃圾桶大探险 
作为小红书的铲屎官一枚，今天要和大家分享一件我家猫咪的趣事——它竟然躲进了卫生间的垃圾桶里！
事情是这样的，我正在客厅看电视，突然听到卫生间传来一阵奇怪的声音。我心想，难道是猫咪又在搞破坏了？结果走进卫生间一看，差点没把我笑翻——我家的毛球竟然整个身体都钻进了垃圾桶里，只露出了一个小尾巴在外面摇摆。
猫咪为何会这么做？
猫咪躲进垃圾桶，可能是因为：
1. 好奇心：猫咪天生好奇，垃圾桶里可能有它们感兴趣的气味或物品。
2. 安全感：垃圾桶的空间狭小，可能给它们提供了一种安全感。
3. 玩耍：垃圾桶里的纸团、塑料包装等可能成为它们的玩具。
 应对策略
虽然猫咪躲进垃圾桶看起来很有趣，但为了它们的安全和卫生，我们还是需要采取一些措施：
1. 保持垃圾桶清洁：定期清理垃圾桶，避免留下食物残渣吸引猫咪。
2. 使用有盖垃圾桶：选择有盖的垃圾桶，减少猫咪接触垃圾的机会。
3. 提供足够的玩具：确保猫咪有足够的玩具，满足它们的玩耍需求。",2024-07-15 19:23:42,2024-07-15 19:23:42,0,0,0,0,0,PostImages/tlgc4fdzt3iy77ca0cm8quhx399smi5q11tffogetk5what31u56but28wz1vro9.jpg
47,10,9,假如猫咪会发朋友圈,"当猫猫也有手机它会发什么？
蓝猫:别管先睡了
狸猫:谁也不能坏我规矩
布偶:三花为什么不理我
橘猫:好险，差点饿坏了",2024-07-15 19:23:44,2024-07-15 19:23:44,0,0,0,0,0,PostImages/ict6ybfts55jb80ptjqjtoqtzvtxx29lilzuadirwmnvafym7l39qosvq61mc19q.jpg
48,10,5,自动喂食器还是入手了,一开始考虑清洗 卡粮各种问题 纠结好久还是入手了 用了一周整体还是推荐的,2024-07-15 19:23:45,2024-07-15 19:23:45,0,0,0,0,0,PostImages/lvdxfu14vnlvasc68bpr85gvkwd3dnj0wehu6omosdizijxqh9eeh4mwafwebmw8.jpg
49,10,5,新手养猫必备清单,"新手养猫必备清单
智商税千万别交了!
新手养猫不知道买什么东西?
这一篇教你不踩坑
1日常用品:猫砂、猫砂盆、猫食盆、饮水碗
2饮食必备:猫粮、主食罐头、猫草、营养/化毛膏
3外出必备:尿垫、透气不透明猫包、小零食
4休闲娱乐:猫爪盆逗猫棒(羽毛类)、激光笔
5预防疾病常备:驱虫、益生菌、感冒药
6清洁美容:吸尘器、梳毛刷、粘毛滚筒、指甲钳
拒绝智商税
猫窝:大多数猫咪不喜欢睡猫窝，反而一个纸盒睡到烂。
项圈:上蹿下跳容易被勾住，导致窒息。
烘干机:猫咪不需要经常洗澡，无需家备。
发腮粉:发腮取决干遗传哦~
零食饼干:没啥营养，还导致猫咪挑食。
猫衣服:猫咪很排斥束缚感。(无毛猫例外)
脖子项圈逗猫:抓不到的设计增加猫咪焦虑情绪。",2024-07-15 19:23:46,2024-07-15 19:23:46,0,0,0,0,0,
50,10,8,过来人劝新手养狗一定抓住幼犬时期训练啊！,"建议狗狗一接回家就开始训练，越早越好训练
1.一进笼子就叫
把它的饭盆和喜欢的玩具放进笼子里
不理，等不叫了就零食奖励。一直叫，就适当惩罚，可以拍笼子，语气严肃的训斥它一下
这是让它知道，你对他现在的做法不满意。如果态度温和，它就蹬鼻子上脸了
2.见到饭就饿狼扑食
出生40天后的幼犬是zui适宜训练的
饭点拿着食盆站着不理它，然后拿着食盆蹲下，每一步都要等狗狗冷静下来再进行
将食盆放它面前，狗狗冲上去就拦着它，下达口令，比如“不行”
冷静下来后，可以数123，数到3的时候，将饭盆递过去。
3.狗狗握手怎么学
在它蹲坐的时候，手握住前爪，抬起，并发出“握手”的指令，握完手后，立刻奖励零食，每天重复3-5次
4.怎么让它坐下
轻轻拍拍狗狗PP，下达口令“坐”，坐下就给奖励，反复几次就会了！
5.在家随地大小便
可以在家中的几个地方放.尿垫，尿在尿垫立刻给奖励（彩虹屁、零食），然后逐渐减少尿垫数量，直到只剩下你想要定点的位置，如果在家里乱拉乱尿了，请不要生气，可以用一些产品来分解异味，植物成分不会刺激",2024-07-15 19:23:47,2024-07-15 19:23:47,0,0,0,0,0,
51,1,6,九个百元内适合学生养的萌宠推荐,"百元内适合养的宠物有这些，有你喜欢的吗？
1巴西龟
2六角恐龙鱼
3仓鼠
4荷兰猪
5金丝熊
6文鸟
7刺猬
8花枝鼠
9虎皮鹦鹉",2024-07-15 19:23:18,2024-07-15 19:23:18,0,0,0,0,0,
52,1,6,女大学生是如何低成本租房养猫的（穷养版,"大四出来租房
一开始没想过养猫，觉得太贵了，有天在路边看到免费令养的小猫冲动之下抱回家的
之后就走上了养猫不归路
穷鬼版养猫一个月三百不到吧
目前是两只猫一只狸花六个月 一只美短 两个月
猫粮：月均100
猫砂：月均26
一次会买四袋，一共80左右，能用2个月左右，结团小巨省砂，初臭方面我也是恨爱的
驱虫：月均25
我的猫不怎么出门，内驱三个月一次，外驱一个月一次
内驱＋外驱，96r
猫窝：0
猫咪不喜欢猫窝，我就没买，平时随便小猫睡哪，他们一般爱躺床上
去味消毒：10
千万不要用84！我买的是宠物用的心酸肖毒片，一瓶30片，103一瓶，一个月三片左右，平均10r。效果就还行，比没用稍微好点
猫草粒：16
懒的种猫草，买的猫草粒，有时候买猫草冻干，拌猫粮吃，一个月一袋16r
零食：40
买猫粮有送些零食，还有日常蹲活动，买了些罐头冻干 零食汤包 猫条之类的，大概能吃三个月不到一点，不过我很少给他们吃
辅食：5
每周会煮一两次鸡蛋，蛋黄熟了拌猫粮吃，鸡蛋一块钱一个，省钱健康
猫玩具：35
逗猫棒小球球 猫抓板 还有激光笔，别的都没有买，偶尔会自己做小玩具
这些可以一直用的",2024-07-15 19:23:20,2024-07-15 19:23:20,0,0,0,0,0,PostImages/ou7mbueth1h9lowc7q3ft9ayu35a80kbwqgjtumf792f4zxqswscauy4tlwxa9ul.jpg
53,1,4,是真的可爱还是亲妈滤镜,"自从养了小猫咪之后
就开始理解每天晒娃的人的心情了
每天都想给它拍照
每天都想发pyq
谁懂啊谁懂啊！",2024-07-15 19:23:23,2024-07-15 19:23:23,0,0,0,0,0,PostImages/g5n9pv292y29xuvyg7ak7xduck0wpo7opb01r2nclnty6yscfaeke3mrhs0sm045.jpg
54,1,9,从未想过这样的事也会发生在自己家狗身上,"我人在外面，居然在业主群刷到自己家狗。事情的原因是，我爸进了电梯之后，手里拿了很多快递没注意仙贝还在外面闻地上的东西，结果电梯门关得太快了…………

仙贝能活下来离不开两个关键因素

1、电梯在1楼和2楼中间急停了，不知道什么原因，难道是绳子卡住了？
2、胸背没那么紧，狗挂了一会儿后挣脱出来了
只能说，傻狗有傻福，仙贝平时傻傻的，关键时候也有自己的运气。
也特别提醒宝们带狗进电梯一定要注意，也要提醒家里人遛狗时进电梯要和狗狗并排进最好",2024-07-15 19:23:27,2024-07-15 19:23:27,0,0,0,0,0,PostImages/ac0x2z1i5zctm0fro4gxa0pw5avebsqmcowlh62hm9wn0o8c81a1tkomswr64jfe.jpg
55,1,4,谁懂，它这样子好像是要和我谈判,猫猫：我觉得你太过分了，坐下来和本猫谈谈！之前你亲口答应的，每周只要表现的好就会给我多多可爱荷包蛋冻干，为什么现在变成了1个？！,2024-07-15 19:23:28,2024-07-15 19:23:28,0,0,0,0,0,PostImages/q46iswdf1c6ivxmjgmsjh3fedz33pxxj27s15fp5cuggqbhaglxgonexsp6h8zu7.jpg
56,2,4,每天抱着亲一万遍,"还是库存 应该是（3-4个月的时候拍的）
doodle目前5个月啦～",2024-07-15 19:23:29,2024-07-15 19:23:29,0,0,0,0,0,PostImages/4wk5l3emwzdnx2dpc4k4aa6fdi7g8vylgg5qpheafz090wohey9oyptwn1talhuq.jpg
57,2,1,好棒的流浪猫救助站！！,"在街边看到一个流浪猫领养站，觉得这个模式比之前有个只放猫粮很容易被虐猫人当作据点的那个云养猫小程序好一些（不记得叫啥了），虽然猫咪在里面感觉有点孤独，但是总比在外面风餐露宿的时候好多了！
而且没想到有些站点已经领养出去那么多只猫咪啦，好棒啊！！
流浪猫入住和领养的整体流程看着也不错呢，希望能有更多爱猫人士看到",2024-07-15 19:23:30,2024-07-15 19:23:31,0,0,0,0,0,
58,2,6,养鸟入坑忠告！！,"1.什么样的人不适合养鸟呢？
家里有猫猫狗狗等大型宠物/经常出差或工作繁忙/没有耐心，极度洁癖的人，请不要养小鸟！
2.第一次养担心没经验？
其实鹦鹉很好照顾的，重要的是去正规场所买鸟，不要网购小鸟！其他的就是准备好鹦鹉的常用药，电解质水之类的。
3.如果鹦鹉乱拉，咬人，叫声大，掉毛怎么办？
鸟类肯定是有叫声的，不能接受只能放弃了，拉屎是正常的生理现象且能判断鸟宝是否健康，从小手养的可以训练憋屎，但是总会有憋不住的时候。掉毛分品种，有的跟人掉头发一样少，有的家里像刚弹了一床棉花！咬人有很多原因，怕人，生气，嘴欠，求玩耍，找到原因对症下药。
4.养鸟贵不贵，需要准备什么？
鹦鹉是最最便宜的陪伴互动型宠物了，好玩不贵经济实惠！牙签，纸盒，头绳，钥匙圈皆是它眼中的玩具！预算不够的，只需要准备笼子和粮食，还有常备药品就可以！
5.养鸟需要做什么，怎么养？
首先需要长久的陪伴玩耍，996的直接pass！其次就是耐心负责，每天清理及喂食！顺便观察屎是否为健康形态。鹦鹉白天玩耍晚上睡觉，亲人的鸟宝可能会过于粘人，可以多准备些玩具，或者新奇的小破烂给它玩。最好不要带出门炫耀，很可能鸟财两空！",2024-07-15 19:22:02,2024-07-15 19:22:02,0,0,0,0,0,PostImages/va17pusmurm1nx617pmptuctrs4qw7yi1x5d7rj0vm3w3h8rsr05lw3vc6rkx4hr.jpg
59,2,6,《养浣熊须知》,"如果你正考虑养一只可爱又特别的浣熊，那么有些重要的事情你一定要知道。
首先，浣熊是一种非常活泼好动的动物，它们需要足够的空间来活动和探索。所以要为它们准备一个宽敞且安全的生活环境，有丰富的玩具和攀爬设施，以满足它们的天性。
其次，饮食方面不能马虎。浣熊需要多样化的食物，包括高质量的宠物粮、水果、蔬菜和适量的蛋白质。同时，要注意食物的新鲜度和卫生。
浣熊是非常聪明的动物，但也可能很调皮捣蛋。它们可能会好奇地翻找各种东西，所以要做好防护措施，将贵重物品妥善放置。而且，早期的训练和引导非常重要，帮助它们养成良好的行为习惯。
它们还需要定期的清洁和护理。保持它们生活区域的干净整洁，定期为它们洗澡、梳理毛发，检查身体状况。
另外，要记得带它们去看兽医，进行定期的体检和疫苗接种，确保它们的健康。
最后，养浣熊需要足够的耐心和时间。它们需要你的陪伴和关爱，才能茁壮成长。
总之，养浣熊是一件既有趣又具有挑战性的事情。只有充分了解并做好准备，才能与它们建立起亲密而和谐的关系，享受与浣熊相伴的快乐时光。",2024-07-15 19:22:15,2024-07-15 19:22:15,0,0,0,0,0,PostImages/kwu10o3brxnmnvpxnhlbc7drtdvmr7j7wlhr2l2y26m2035op0hlvxzhp362hf7i.jpg
60,2,9,快来Pick！猫咪名字,"你们知道吗？给宠物或心爱之物取名可是门学问哦～今天就来跟姐妹们分享一些创意满满的名字，保证让你的小可爱一“名”惊人！
先来点叠字系列，朗朗上口，听一遍就爱上：
“叮咚”清脆悦耳，“宝宝”、“妮妮”简直萌化人心，“花花”、“美美”是不是听着就心情大好？还有“噜噜”、“毛毛”，是不是想起了那柔软的小触感？
洋气英文系，好听又fashion：
“Lucky”、“Sunny”带来阳光好运，“Kitty”、“Sandy”甜美可人，而“Angela”、“Amy”则是气质满分，还有“Happy”、“Smile”，光是听着就让人忍不住嘴角上扬呢～
搞怪精灵系：
“学妹”、“学长”校园风满满，“富婆”、“鲜肉”让人会心一笑，“哈士奇”、“吃货”简直量身定制，还有“工具人”、“总经理”，这取名也是real有创意！
美食系，光听名字就饿了：
“棉花糖”甜到心坎里，“咖啡”、“摩卡”香气四溢，“饺子”、“烧卖”满满的家乡味，“奶酪”、“起司”则是洋气十足。
特征系，一看名字就知道长啥样：
“小黑”、“小白”简单直接，“阿橘”、“三花”形象生动，“乳牛”、“宾士”这名字，是不是有点豪车既视感？
那么，姐妹们，你家的小宝贝叫什么名字呢？快来评论区告诉我吧！",2024-07-15 19:22:16,2024-07-15 19:22:16,0,0,0,0,0,
61,3,4,像不像在赶ddl的你,"电子文献纸质文献都快翻爆了
作为一只有文化的小狗狗
当然要多读书啦
今日份小狗图书plog
其实这是一本超级温暖的小狗诗集
《风来自你的方向》
以小狗的身份诉说续写着很多情绪
配上治愈的插画
收到快递后我站在那呆呆看了40分钟
一字一句的看，再次觉得世界没有小狗根本转不了
书中很戳的一些话：
“如果明天还能和你一起，我想为夕阳付费”
“人类花钱看一场两小时的电影，而你是我用爱观看一生的电影”",2024-07-15 19:22:17,2024-07-15 19:22:17,0,0,0,0,0,PostImages/1br0uzjs9fm11ggb8aij7f97d5il6ulgbhpz0lkmiavecskqgzjg1zgtk8vclbxj.jpg
62,3,1,我的小狗生病了，我真的急哭了,"晚上下班回家，发现我的小狗拉稀呕吐，精神头不是很好。我真的慌了，因为从来没有过养狗经验，不知道我的小狗是怎么了，早上起来走的时候还好好的。

和宠物店打电话，问了我狗的情况，让我赶紧过去打一针。我给狗收拾笼子的时候，一边收拾一边哭，小狗看到我哭，他好像也感受到了我的难过，急的汪汪叫。

打完针抱着他，他就趴在我的腿上睡着了，小狗真的和小孩子一样，真的是一个小宝宝。

看着我的小狗这么难受，我也好伤心。

前两天发的一个笔记，关于小狗不立耳的，很多朋友也为我支招。很感谢大家。
但是此刻我完全不关心小狗什么时候立耳，我只希望我的小狗能够健康快乐的成长，能够陪我的时间久一点，再久一点。

好难过。我的小狗一定会快点好起来的！",2024-07-15 19:22:18,2024-07-15 19:22:18,0,0,0,0,0,
63,3,1,你愿意花几千几万给你的猫治病吗?,"小猫接回来好几个月了，在这之前一点事没有，我之前还在担心它会不会吃出来皮下脂肪瘤
没想到一语成谶
在这之前什么病都没生过，我还在为我自己养得好而高兴，一直没啥问题，还想着比较幸运，谁知道给我憋了个这么大的
还没开始治辽，一系列的检 查就花了我一千多，还得穿刺检查，购买各种营养品，又是小一千
这只是这两天的，我的小祖宗啊！买的时候才花了850，这一系列下来身价蹭蹭涨！而且后面可能还会复发，实在不行还得做手术得上w了
穷打工的真的经受不起啊！！！
自己生病扛扛就过去了，小祖宗这是要我命啊！大神们有没有什么比较经济实惠一点的办法啊？#猫咪肿瘤",2024-07-15 19:22:31,2024-07-15 19:22:31,0,0,0,0,0,
64,3,5,新手必看，养狗必备用品篇平替不踩雷,"替大家整理了一些养狗的平替好
给一些第 一次养 狗的新手玩家提供一些新思路，希望可以对你🈶帮助～
养狗？简直易如反掌
一些平替好物
狗窝 行军床
玩具 旧拖鞋
尿垫 旧报纸
狗碗 家用铁碗
狗笼 二手儿童围栏
宠物湿巾 婴儿湿巾
每周都要给狗狗刷牙保护口腔健康，毛发也要勤梳理
洗澡的频率控制在15-20天一次，但是不要太频繁～",2024-07-15 19:22:36,2024-07-15 19:22:36,0,0,0,0,0,
65,3,5,月均180元穷养猫（不生病还粘人）,"月均180元穷养猫（不生病还粘人）
家里养了两只崽崽，老大已经快三岁了，现在是个十来斤的大猪喵，养的胖乎乎的，头也圆圆的，还没有生过病，总结了一些养猫经验分享给大家，帮助你们养猫少走弯路~
关于养猫前期费用
1、买猫费用：品种不同价格也不同，大家买猫可以根据自己的预算来买，正规猫舍入手比较靠谱
2、打疫苗：为了猫咪和你的健康是必须要打的，三针猫三联一针狂犬总共300多
3、航空箱：接猫必备，建议买空间大的，猫咪长大也能用（pxx30块买的）
4、猫砂盆：建议买大号的，这样猫咪长大也能用，刚开始买的半封闭的，便于观察猫咪便便情况，（40块搞定）",2024-07-15 19:22:19,2024-07-15 19:22:19,0,0,0,0,0,
66,4,5,关于养猫后期日常费用,"1、猫碗：陶瓷碗，塑料碗容易让猫咪黑下巴而且不好清洗（两个15块搞定）
2、猫粮：现在很多国产猫粮做的也挺好，只要成分好就可以了，我刚开始吃的进口粮，后来觉得好贵换了思克特猫粮含肉量高，里面肉多，估计比较香吧猫咪每次都是库库炫饭，挺长肉的吃胖了很多，里边还有鱼油，也不用多花钱买省了不少钱，一个月100多就够，性价比高
3、驱虫：大宠爱外驱+海乐妙内驱，因为活动囤的便宜点，猫咪只要不出去，3个月一次就可以了，大概30元/月吧
4、猫砂：豆腐猫砂还不错（福丸/妮可露/pidan）建议大家每次多囤点，搭配矿砂使用，一个月也没多少钱，而且家里没啥味
5、去味消d：家里要经常去味消du，猫咪不容易生病，我一直用的按道济噴雾，两三天喷一次家里各处，去味快，还能除Jun，对猫咪没有影响
6、做猫饭+玩具：平时做猫饭改善伙食，玩具就是几块钱的逗猫棒，加起来大概30元/月
7、猫窝：可以不买猫咪根本不睡，喜欢趴猫抓板和快递箱子
8、化毛防掉毛：每天一粒猫草片+维生素B",2024-07-15 19:22:47,2024-07-15 19:22:47,0,0,0,0,0,
67,4,3,邂逅爱宠，缘分在这里！,"【邂逅爱宠，缘分在这里！】宠缘园APP，让你的宠物不再孤单！
在这个多彩的宠物世界，你的小家伙是否在寻找那一份特殊的缘份？宠缘园APP，就是你在找的那个缘分交汇点。
功能强大，服务全面
宠缘园APP提供全方位的服务，从在线交友到线下约会，让你和你的宠物轻松邂逅爱情。丰富的功能让你轻松找到合适的伴侣，无需繁琐操作，一键即可开启缘分之旅！
上传照片，快速匹配
上传宠物的照片，快速匹配心仪的另一半。宠缘园APP支持高清照片上传，让每一张照片都能展示出宠物的魅力。同时，系统还会根据宠物的特征和需求进行智能推荐，让你更快找到合适的伴侣。
安全保障，放心交流
宠缘园APP注重用户隐私保护，采用多重加密技术确保信息安全。同时，平台还设有严格的审核机制，确保每一只参与交友的宠物都经过严格审核，让你放心交流。
专属福利，惊喜不断
为了感谢广大用户的支持，宠缘园APP还为每位注册用户准备了专属福利。完成任务、分享动态、邀请好友等，即可获得丰厚的奖励。与众多宠物爱好者一起分享快乐，让你的宠物生活更加丰富多彩！
还在等什么呢？快来下载宠缘园APP，为你的宠物寻找一生的伴侣吧！",2024-07-15 19:22:48,2024-07-15 19:22:48,0,0,0,0,0,PostImages/irplf7i109twwc5nvyltbpc7hw2zjgnhox39jfp4pwem8juv4aqviy0654wilb3s.jpg
68,4,3,六个月加拿大籍中国狸花猫找对象,崽有加拿大出生证明，家住上海外滩，希望在绝育之前找个对象，认真的。非独生女，有一个三花猫姐姐！,2024-07-15 19:22:49,2024-07-15 19:22:49,0,0,0,0,0,PostImages/r5w4f8y8mjc1kjy1we5uwhkbedhqxflbu2eauyd9g37nhecbqx421c9x547lf6nt.jpg
69,4,2,走丢一天一夜 八分钟找回真牛,24号夜里11点左右跑丢了。25号早上我婆婆在找猫。怕猫进他房间尿尿。找了半个小时 把平常他能去的地方都找遍了。没找到。然后喊我。我起床就开始拿零食袋子呼唤我家猫。结果也没有。然后我就楼上楼下跑着找。我婆婆也陪我一起找。能找的地方都找遍了。还是没找到。我有点着急。我就在那哭。然后我很担心我家的猫野外生存能力不行。天又冷。我婆婆看我哭 陪我去贴寻猫启事。去地库。能找的地方都找遍了 还是没有。我想着上小红书上找找方法。结果有个寻宠的主动联系我了。能帮忙过来找。成功率百分之九十五。我婆婆当机立断叫来找。然后专业的师傅驱车一个小时到我这。八分钟给我找到 是真的牛。我现在还没有缓过来。总觉得不真实。朋友说找个猫那么贵。我说。它不是金钱能衡量的。它给我的是治愈我 温暖我。早已是我的家人。我们家庭的一份子,2024-07-15 19:22:50,2024-07-15 19:22:50,0,0,0,0,0,PostImages/xm36rbu7eeia2sxymv1gprtwu6jy9nk4y84gi6as9tt8qq5kocquw7kxz0g62zzr.jpg
70,4,7,上海浦东机场宠物托运全攻略,"勇敢的小猫成功到家已经开始打滚儿啦
连箱子一共是7kg，花费189+20打包费
长宁区办的检疫证明，材料没问题的话当场就能办好
总体来说不管是东航工作人员还是机场工作人员都很友好
托运前挺焦虑的，接到猫猫后真的大大松了口气
希望大家托运顺利！",2024-07-15 19:22:51,2024-07-15 19:22:51,0,0,0,0,0,PostImages/tfdk8vf60qqturfgp8e8de4m1nd38oyrzfbinkwt6lshv1xt2ry391m1aeefjmfg.jpg
71,5,3,我参加了一场因猫而起的相亲,"认识一位热心爱猫人士大姐，她组织了一对单身爱猫人士男女的饭局，我有幸又去蹭饭又去旁观。
一位在上海独自生活的姑娘，春节要回老家无法照顾猫咪，就找到这位爱猫大姐能不能找人帮忙寄养一下，大姐已经收养了两只流浪猫。大姐找到一位单身养了两只猫的男士寄养一下。
没想到春节过后，这位姑娘突然说不想要猫咪了，希望大姐能帮猫咪找好人家。那位男士通过这段时间的相处，爱上了这只猫咪，也与家里另外两只猫咪处得不错，所以他答应留下猫咪。
大姐又心生一计，打算要不要撮合两位单身男女，为了显得不那么尴尬，所以再叫上几个人陪衬一下。可惜，一场饭局下来，这两位的共同语言除了猫以外，几乎没有交流。前主人提出能不能请现主人给猫咪些照片缓解她的思念，也许留了微信，也留了一根思念。",2024-07-15 19:22:52,2024-07-15 19:22:52,0,0,0,0,0,
72,5,7,上海宠物托运最新攻略！,"1. 航空公司选择：
由于男朋友工作调动，需要把小猫坐飞机从上海带去兰州。首先确定航空公司，从上海飞兰州的飞机大多数都是东航，春秋等不支持活体托运，所以我们一开始选择了东航。
但是需要注意，东航托运有严格温度要求，当天出发地和目的地有一个最高温度大于等于30度就不能托运了，并且需要提前48小时预约。六月份上海平均在30度左右，最终温度不符合要求没有托运成功。
2. 检疫证明办理
由于我们在嘉定区，检疫证明需要在嘉定农委办理。需要提供指定宠物医院的狂犬疫苗免疫卡（接种时间超过21天）以及身份证、航班号和宠物。
由于温度不符合东航要求，所以我们又选择杭州飞兰州的四川航空（没有温度要求），咨询了航空公司这种中转的旅程的检疫证明如何办理，答复是在备注栏备注在杭州坐的航班号，但是嘉定农委不给备注！和工作人员商量了很久都不行，只能办理上海到杭州的检疫证明。由于当时是端午节假期来不及到杭州冲重新办理检疫证明，也问了杭州的工作人员她们说不需要到杭州重新办理，上海备注一下即可。可是嘉定这边最终还是拒绝备注，托运失败（后续了解到其他办理点都是可以给备注中转的旅程的）",2024-07-15 19:22:54,2024-07-15 19:22:54,0,0,0,0,0,PostImages/7l5ercrzj2ad9gq9mc560b6rqaf9fxycktefye4x0q77u3xj3h9r2xftb6cpi58b.jpg
73,5,9,有女孩子在做宠物行业吗？,"毕业一年失业了，找不到工作，很喜欢小狗小猫的，所以想做宠物行业了。
想每天都可以看到可爱的小狗和猫猫，但是宠物行业下面细分了好多岗位，自己还是0经验转行，完全不知道该怎么办？
有已经从事过一段时间的女孩们，可以寻求下帮助吗？",2024-07-15 19:22:55,2024-07-15 19:22:55,0,0,0,0,0,
74,5,7,带宠物跨城出行经验分享,"以下是个人经验，请大家注意，安全第一！安全第一！
带宠物跨城有两次
一次是把猫从上海到河南，当时确定时间后就提前一周发布约车信息
共4步
①输入始发地和目的地
②确认出发时间
③备注有宠物
④确认发布行程

发布之后会看到一些近期顺路车主发的单
可以邀约车主同行

后面是我另一次带狗从苏州到广东的经验
①选择顺风车
②选择出发点和目的地
③确认时间
④添加备注有宠物！
⑤确认预约顺风车
发布之后也可以看同路车主信息，筛选合适的发起邀约就行。如果对方接单那么就准备出发即可",2024-07-15 19:22:56,2024-07-15 19:22:56,0,0,0,0,0,
75,5,4,分享我家的小可爱！🐶,"大家好！给大家介绍一下我们家的新成员——小豆豆！是一只非常可爱的小金毛。刚接回家的时候还很害羞，不过现在已经完全适应了新环境，每天都充满活力。小豆豆最喜欢的活动就是和我们一起去公园散步，追逐飞盘，玩得不亦乐乎。看到它快乐的样子，我们全家都感到非常幸福。😊
顺便说一句，如果有养宠物的小伙伴，大家有什么好的喂养和训练小技巧，欢迎分享哦！期待和大家交流经验，一起做更好的铲屎官！",2024-07-15 19:22:57,2024-07-15 19:22:57,0,0,0,0,0,
76,6,9,宠物外企真的太香了！感觉可以待一辈子,"为什么说宠物外企很香？
大家看看国内的几个宠物外企的福利就知道了
①肯定对宠物友好啊！有些外企甚至可以带宠物上班，这不是妥妥的带薪撸宠吗
②假期长，平均年假15天，还有其他额外的浮力假期！
③对女性友好，重视发展
④工作环境好！专门的宠物户外区域就算了，茶水间、食堂等环境也是很好的",2024-07-15 19:22:58,2024-07-15 19:22:58,0,0,0,0,0,PostImages/grvkb151xfbrcdeqcjlf0le0bwp3q4gd49bmrgop5zqwot7vrdc6c514oebmwo24.jpg
77,6,4,我养过的 最极品宠物,真的，跟狗一样，亲人聪明有灵性很会看人眼色，可是跟猫狗相比，它们更好养，它们一年掉两次毛，草食动物，每个月花费不到200，而且不会生什么小毛病，真的绝绝子！,2024-07-15 19:22:59,2024-07-15 19:22:59,0,0,0,0,0,PostImages/j19p4z51cj1nhaoav53hjcwye0o8aq8cqge187i92rr7vn6ffut7mn7zxhkyc0nc.jpg
78,6,9,柴犬小狗有要的吗？（小偿）生了七只，上海,两个月的柴犬狗狗，工作太忙了没时间照顾了，疫苗驱虫每个月都定期做了的，会自己定点上厕所，会自己吃狗粮，是个可爱宝宝找负责的家长。,2024-07-15 19:23:00,2024-07-15 19:23:00,0,0,0,0,0,PostImages/xwq3th37m7b8xh6imswwc95mxmlcwug61k7jue0ooqo70qbe8cea249st10sdgwp.jpg
79,6,4,干脆我搬出去让他们俩过吧,coffee好像还在偷笑，刚刚卑微的挤进被窝里，狗毛好热，这个家根本待不下去啦！,2024-07-15 19:23:02,2024-07-15 19:23:02,0,0,0,0,0,PostImages/rw25yszsulzn906n02ietjin2j5hh6oceqi3x24b8h290or35pp4tj5nec1fnf3y.jpg
80,6,9,我的猫猫回喵星了,"我从未想过这一天会来的这么快，6月20日晚上11点半，你向往常一样躺在椅子下面，过一会狗狗跑过来，又叫了起来，你哈了他一下，可是这次，不像以前一样，你突然倒地，双腿抽搐了一会就不动了，我赶紧跑过去，一直在叫你，你就那样倒着，没有反应，过一会就喘起来了，舌头也凸出来了，感觉有点呼吸不畅，瞳孔慢慢放大，赶紧打电话给之前看病的医生，说心脏病发了，要我们赶紧送医院，我着急忙慌的把你放进航空箱，眼睛睁着很大，可是一动不动，在路上找了个现在能开门的宠物医院，打电话医生说可能已经走了，可是我不相信，马上赶过去，到医院后医生测了下，确实已经没有心跳了，舌头也发青，瞳孔放大，小便失禁，都是已经死亡的迹象。我还是不敢相信你已经走了，我一直摸着你，我问医生说你身上还是热的，要不再看看。
第二天找了宠物殡葬，看到被推进壁炉里，火烧起来的那一刻，才真的相信已经离开我了，最后只留下一袋小小的骨灰。
再过两个月，你就六岁了。18年10月份把你带回来的，24年6月份，你就永远离开了，从病发到停止呼吸，不到五分钟。
你再也不会冲着我喵喵叫了，再也不会跟我握手了，再也不会一大早在我脑袋旁蹭我了，再也不会躺在我旁边了。
我真的好想你啊，你在喵星一定要快乐。",2024-07-15 19:23:04,2024-07-15 19:23:04,0,0,0,0,0,PostImages/v6spbtt5r61jq7dq0tzu8chgr9si5exlbac9ihnc78w9m2l96on3waec61d331i6.jpg
81,7,6,讲真！兔子真的是很省心也很暖心的宠物！,"来自一个养了20几年狗狗、1个月兔子的麻麻酱

说实在刚开始买他也并没有完全想好，我想着是不是能遇到一只特别亲我的兔兔，在一众兔兔中看到他机灵又精神的样子，睁着眼睛到处观察，就选了他。家里从小学开始养狗狗，给两个狗狗送终，要了全家半条命。从来没有过养兔子的经验，怕养不好。带他回家的第一天，也不敢摸他，我跟他一样胆小。

快一个月了，从不敢让他出笼子到完全散养，从不敢摸他到给他抠眼屎摸肚子，学了好多科学养兔的知识，给他买了好几种草，改造了笼子……他在我床底下睡觉，早上跟我一起下楼吃东西，我写东西他在我书桌边趴着，每天晚上都要疯跑逗逗我，跑累了再让我摸摸他。

他不像猫狗那么粘人，喜欢躲在角落里、床底下，不愿意禁锢在笼子里，我便打开笼子清扫干净犄角旮旯让他自由。他时而需要我照顾他，时而喜欢自己待着，那便由他。无聊了睡够了，他总要来找我玩一玩。

没训练过他定点上厕所，但他从来不在笼子外面大小便。他很爱干净，每天都自己舔舔，不用洗澡，也不用遛，再也不担心下雨天。吃得简单，常清理笼子换上白开水就好。推荐养兔人关注@大叔小宠 UNCLE AND PETS ，我学到了好多养兔知识，少走弯路。",2024-07-15 19:23:07,2024-07-15 19:23:07,0,0,0,0,0,PostImages/aze47eqyidy1l6sn7lwil7oauf01mmweqqdtn6i3oqdp5elfeiy52mt248agpet6.jpg
82,7,4,我就只能陪他几十年,我就只能陪他几十年，剩下的几百年他怎么办啊？,2024-07-15 19:23:08,2024-07-15 19:23:08,0,0,0,0,0,PostImages/lj7l00n5xchl53evbrop01c7045im4zmfhfjs3vho5d64p6kbea54fswtn66p6dz.jpg
83,7,9,不爱请别伤害它们好吗？,昨天出去摆摊在边上马路边看到一只猫猫，它躺在那里一动不动，走进了看它已经没气了，又瘦又小营养不良，问了边上的物业人员能不能处理一下，他们丢垃圾桶，听了瞬间鼻头一酸，最后我找了个袋子把它装走了，埋在一个大树底下，让它入土为安了，希望大树以后可以为它遮风挡雨，下辈子别做流浪猫了,2024-07-15 19:23:09,2024-07-15 19:23:09,0,0,0,0,0,PostImages/7wc0cgqqfdofeurqadqc009al5uz9ytgazcre35wgv3fu3xxdkpr5w9pv62zcpkb.jpg
84,7,7,狗狗“缺爱”的表现,"对于养宠物的人来说，养了狗狗就要对狗狗负责，对它好，如果主人长期忽视狗狗，它会变得很胆小、敏感
长期缺爱的狗狗，会有这5种表现
出门总是回头看你
特别依赖主人的狗狗会经常回头看你在不在身后，看到你后才会安心慢慢地走，回头的动作频繁是缺乏an全感的表现。
经常趴在地上看你
狗狗在家待太久不出门，会用头贴着地面趴着，时不时得抬起头看看主人，其实是在跟主人说它很难过，告诉你不能陪伴它的意思。
形影不离跟着你
狗狗粘人很常见，但在家里会更自在些不会过分粘人，但如果狗狗在家的时候也紧跟主人四处走，黏在主人身边，说明缺乏an全感。
不愿意吃东西
狗狗会用抗议进食的方式来博取主人的关注和同情，主人不在家就没胃口吃饭或是要主人喂着才吃。
频繁舔舐自己的身体
狗狗感到不安、压力大时，会舔舐身体的某一部位来缓解压力，尤其是那些长期得不到主人关爱的狗狗，性格可能变得胆小懦弱，或是暴躁易怒。",2024-07-15 19:23:11,2024-07-15 19:23:11,0,0,0,0,0,
85,7,4,画了朋友家的小陨,宝宝你的配色真的好复杂,2024-07-15 19:23:13,2024-07-15 19:23:13,0,0,0,0,0,PostImages/5v5jtfve7t27x5c7uuy0d8dh831s1w8lkkpss1rd04f5fnqmu4ej8ocjl2wdf79w.jpg
86,8,4,烦死了！你到底给不给我买！,"小猫咪不可以吃零食的
奶米：放我下去自己选 我全都要！！",2024-07-15 19:23:16,2024-07-15 19:23:16,0,0,0,0,0,PostImages/dpnt1z8lcfg3ymo5llfj0z1kb5ws2vzj8qzx4yfbf5uylzh2tu6pmdle4w36g2w7.jpg
87,8,8,笼内训练，四阶段让狗狗爱上笼子,"笼内训练的好处
1. 安全感：笼子能让狗狗感到安心，缓解压力和焦虑。
2. 家庭训练：帮助大小便训练和行为管理。
3. 旅行和寄养：让狗狗在外出时也能有稳定的环境。
4. 防止意外：避免误食有毒物品和受伤。
5. 保护财物：防止狗狗破坏家里的物品。
6. 医疗恢复：有助于狗狗适应住院或手术后的环境.

正确的训练方法
1. 使用正向训练，避免惩罚
2. 第一阶段：
- 介绍笼子，让狗狗对笼子产生好印象。
- 笼门打开，鼓励狗狗在笼子附近玩耍。
- 狗狗对笼子感兴趣时，给予零食奖励。
- 将零食放在笼子旁边和笼子里，吸引狗狗探索。
3. 第二阶段：
- 在笼子里喂食。
- 若狗狗抗拒，可以慢慢将食物碗移到笼子内。
- 喂食时尝试关笼门，逐步增加关门时间。
4. 第三阶段：
- 训练狗狗听口令进笼子。
- 扔零食进笼子，同时发出口令“回去”。
- 狗狗进笼子后，立刻给予奖励。
- 逐步增加笼子时间，每天增加2分钟。
5. 第四阶段：
- 让狗狗独自待在笼子里。
- 听口令进笼子后，给予奖励并离开。
- 笼子里放玩具或零食，逐步增加独处时间。
- 如果狗狗吠叫，不理会，等它安静时再出现。",2024-07-15 19:23:17,2024-07-15 19:23:17,0,0,0,0,0,
88,8,8,狗乱尿怎么办？超好用的上厕所定位排便剂！,"家里的爱犬不会定位排便的看过来！这个真的好用。
诱导剂起一个“标志”的作用，每次狗狗大小便后，他都会闻一下自己的便便记住那个味道，然后下次就去固定的地方排便，这是狗的天性。主人要做的就是用诱导剂的味道，给狗狗树立一个标志。
第一步:使用诱导剂定点，在宠物排便前，将诱导剂喷洒在固定位置，让宠物闻嗅
第二步:零食奖励/语言鼓励学会区域排便之后，用零食/语言进行鼓励，反复多次
第三步:要持之以恒-般坚持5-7天左右，狗狗会慢慢习惯",2024-07-15 19:23:32,2024-07-15 19:23:32,0,0,0,0,0,
89,8,4,原来虎虎曾经眼神如此清澈…,"我要辟谣！
大家是不是以为虎虎被我亲多了眼睛都没光都不活泼了！其实不是这样的！
看过直播的都知道虎虎超爱玩
（后面几张图就是虎虎玩衣架的眼神哈哈哈）
但是仅限跟妈妈单独在一起的时候很放松
有其他小猫小狗在她就会带点防备心
就不会彻底放开玩了！
应该是小时候是独生子的关系
（虎虎是我的的第一只小猫）
我最近放暑假回老家把七只小猫和小狗都带回家啦
虎虎外公还特意安排了猫爬架和冰垫给小猫们
每天遛狗的任务也是外公抢着去做
他真的很喜欢我的毛孩子们
可能是爱屋及乌吧哈哈哈哈
谢谢外公～～～～～～～～",2024-07-15 19:23:33,2024-07-15 19:23:33,0,0,0,0,0,PostImages/wice0yapzbey9xw580pk02zijf33s1s5o3uay6x7tz0x1mfl04k1fhj2povdkw5y.jpg
90,8,4,拼车拼到一只小猫,"本想搭讪一下
但司机说让我不要骚扰别的乘客",2024-07-15 19:23:35,2024-07-15 19:23:35,0,0,0,0,0,PostImages/zhrd057lu2596r5poyp8j0g826lxvir9o48b0g6bilaxboqcymhzybz8xo6j5qi9.jpg
91,9,9,柯基小狗有人要嘛(小偿)生了几只，在上海,柯基小狗，两个多月大啦，性格超好，温顺乖巧 十分粘人 走哪跟哪  会自己吃粮，会定点上厕所，疫苗驱虫已做，非常好养 希望给孩子找个负责任家长,2024-07-15 19:23:36,2024-07-15 19:23:36,0,0,0,0,0,PostImages/y6xi094cj3p243zkt6k6td8muzrg9g7nr608mx0ms1jkcj8geg3pclnt8i2wyjuv.jpg
92,9,6,博美真的不难养，新手家长来抄作业！,"博美真的不难养，新手家长来抄作业！
1.博美的平均寿命有10到15年左右
2.博美是非常聪明可爱的狗狗，智商也很高
3.博美发情了，直接噶蛋蛋
4.博美一辈子只换一次牙，大多从两个月开始，一周刷牙两次可以避免很多口腔问题
5.博美非常害怕吹风机的声音，会让它损伤听力
6.博美不可以吃坚果，葡萄巧克力和葱姜蒜
7.博美一周可以吃两次熟蛋黄，可以护毛美毛
8.没事可以给博美喝舒化奶补钙更好消化
9.博美拉肚子蒙脱石散一次喂一点治拉稀很好
10.博美泪腺比较高，容易长泪痕，平常饮食要注意少油少盐，喂宠明饮口服液清肝明目。
11.博美有泪痕了可以用目永清滴眼液，一天2-3次
12.如果看到博美用pp蹭地面，应该要做驱虫了或者肛门腺发炎了
13.养了博美就要负责，每天一定要有时间陪伴，出门遛遛它
14.尽量不要喝矿泉水和自来水，要喝纯净水或凉白开
15.如果误食了对博美有害的食物，可以灌3%双氧水催吐
16.狗粮能选择烘焙类就不选膨化粮
17.博美有耳螨了定期用绷酸冰片给它清理
18.夏天尽量不要剃毛，虽然凉快但是会增加患皮肤病的可能
19博美感冒了用阿莫西林和小儿双黄连，清热解毒
20.博美有趾间炎了就洗净涂抹红霉素软膏",2024-07-15 19:23:37,2024-07-15 19:23:37,0,0,0,0,0,PostImages/p6pqhlil9bn24vescnca2tjp8o3qbyeytbpncswj45px9o2l4pcsr38jo4y5109r.jpg
93,9,4,西高地劝退篇,"西高地真的除了脸好看 带出去大家都会说：好漂亮的狗！以外 其他的 一言难尽
聪明也是聪明的 但是服从性比较差
知道在哪上厕所 但是去不去厕所尿看他心情
打不怕骂不听倔犟的像头驴
在家的时候可以懒得躺地上一直不起来 在外面也可以玩几个小时都不觉得累 哦对了 还会打嗝打鼾舔屎

每次犯错以后把我气坏了教育他 结果他还在打哈欠
主打一个叛逆 软硬不吃
刚洗完澡是白梗 过两天就是灰梗
再过两天就是脏兮兮小狗了

想养西高地的三思哦",2024-07-15 19:23:39,2024-07-15 19:23:39,0,0,0,0,0,PostImages/hufe4l02ax1u4auv5isi025x783t7j3me7asc5xyymj5vooe8c1gfy3nia18ybhn.jpg
94,9,6,养龙猫的优点,"身边很多人不能理解我为什么喜欢龙猫，所以先盘点
优点：
1.毛缄绒，手感好，大眼睛小手手小嘴巴小舌头我都喜欢，颜值即正义，不支持反驳。但是其实家里也有不好看的，感情不能用颜值衡量，丑萌也是一种萌。
2.好养，不占地方，耗时不多，不用遛不用陪，每个月养育费不到一百一只，养得越多越便宜，当然考虑
三个月空调费的话还是不太便宜，所以超级羨慕夏天
不热的地方。
3.性格温顺，对你爱搭不理，对，我就喜欢这调调，就觉得跟我吵架泚尿也挺可爱，大概就是你追一个女生，把她惹毛了伤害力也就那样，可得她给你个好脸色就能美好久。
3.千净，不携带狂犬病毒，不长寄生虫，爱洗澡，只有尿尿是有点臭味的但知道定点 （不会的问我我家每只我都教会了，包括成年才来我家被原主人嫌弃不爱
干净的），只要打理好养在卧室也不会有味道，当然我没有啦，因为晚上还是会影响睡眠，我怕闹，只有少数崽安静不发出噪音。
4.晨昏和晚上精神好，白天睡觉，超级适合我这种上班族。
5.寿命长，10-20年，我是有了感情就很怕分别的人，所以很讨厌养的东西很快死掉。龙猫其实正确饲养不爱生病的。",2024-07-15 19:23:40,2024-07-15 19:23:40,0,0,0,0,0,PostImages/inz2oqj56llst8xz78yhbxxvct7832d1wdh4tqdlkdp7nbpmo9637jo6ihwvjmq2.jpg
95,9,8,宠物｜龙猫亲人方法 真的可以随便rua,"我们家小剪刀到家就一直被我们摸摸
到家第六天就已经主动站上我大腿
现在也是经常在我的脚跳来跳去
甚至爬上我的肩膀休息
基本上全天候摸摸都不会抗拒，
但会hen明显看到她的表情微变化（尤其是在睡觉）

这里分享一些我们跟龙猫培养感情的方法
不过当然每只龙猫性格不一样，这里也只是让大家参考一下
zui好是带回家就开始定下规则

手喂粮+草=熟悉味道
草有时间就一条一条喂，
如果他们刚好睡醒可以尝试递草给他们
我跟npy轮流喂粮，一粒一粒喂不需要喂完，
但至少要预留喂食时间让他们熟悉味道

多讲话=熟悉声音
我花hen多时间跟她说话，不管是睡醒还是睡前都会跟她说「早安、晚安」
任何时候只要打开笼子（只要不是她熟睡），都可以跟她说话
虽然有点傻，毕竟她也不会回应

多观察，少插手=慢慢来比较快
放风时间不要强制抱她
主打的就是个自由，让她在一个范围里活动
玩到哪天她会突然蹿上大腿就成功了
如果要抱她，可以趁她跳上大腿站着的时候，用手揽一下让她习惯一下被拥抱的感觉
我记得第一次揽她她有点stun住，一动不动哈哈哈哈哈哈",2024-07-15 19:23:41,2024-07-15 19:23:41,0,0,0,0,0,PostImages/9kwsub8gtir0k8jdrc4zra0kka1t4mtgvipq7p9x4px5vq7ipensafkuk7ol7arq.jpg
96,10,9,找了三个月领养人总结,"1.咸鱼是送养高危区，非常多狗贩子和虐狗的变态，剩下的基本就是农村养着看门养大了生死未卜的（很奇怪，基本上闲鱼来问我的都是很古怪的男的，就是这辈子遇见这种人的频率都没找领养这段时间高）
2.抖印宝妈多，很多都是想养给小孩玩玩而已的，别指望会对狗多好，然后还有一些也是像上面一样看门生死未卜（宝妈群体在我这完全可以pass哈哈哈，我被宝妈背刺好几回了，退养的也有，说养着试试看的也有，提要求要打疫苗驱虫的也基本是她们提的，驱虫当然会做，但是几乎无偿随便给个红包金额不限还要我包疫苗别太离谱）
3.公众号发的也不太行，救助平台时间太长要求多，串串小狗最可爱最好领养的时机很容易因此错过，而且手续繁琐，小狗和我都耗不起
4.找宠物医院帮忙发的更是离谱，当时觉得愿意在宠物医疗上花钱的应该会靠谱很多吧，结果发现一大骗牛鬼蛇神，比如：在深住大别墅花上万块买来的原住民给吃几块钱一斤不知名牌子的狗粮加餐只加鸡架、看见狗狗可爱加的我结果因为品种和是农村小狗生的崽就把我删了还有原住民刚送走马上领养一只新的。我拜托了十家左右宠物医院帮我发，问的人挺多，但是一个靠谱的领养人都没有。",2024-07-15 19:23:42,2024-07-15 19:23:42,0,0,0,0,0,
97,10,6,我真的觉得新人养猫首选一定是美短！！,"我真的觉得新人养猫首选一定是美短！！！
除了犟没有任何毛病！掉毛是每一只有毛发的动物都会有的，不算毛病。
美短真的不挑食！
美短真的很聪明！一岁以后就能听懂简单的话。
美短真的很粘人！每天要睡在主人身边！
美短真的很皮实！很少生病，除了年纪大的。
美短真的很话痨！每天都会啊啊啊的跟主任说话！
美短真的很热情！几乎不会攻击人，对待新来的家庭成员包容性也更大一些。
美短真的懂陪伴！美短真的好！真的好！真的好！",2024-07-15 19:23:44,2024-07-15 19:23:44,0,0,0,0,0,PostImages/qu5fwpvpshrd4g8d0vofhmmh3xq51zal47n96z954qj8ufi6cuxc7j61m434yg1r.jpg
98,10,6,新手养狗合集｜你想养什么样的狗？,"经济一般就选：
田园犬、泰迪、比熊、腊肠犬、巴哥犬、博美
优点：价格低，吃得少，开销小

经济中等就选：
柯基，金毛、拉布拉多、边牧
优点：价格不贵，吃得有点多，但身体强壮少生病，开销也不会太大

不掉毛就选：
约克夏、马尔济斯、蝴蝶犬、雪纳瑞
优点：减少搞卫生时间，但要定期美容、梳毛

颜值高就选
萨摩耶、博美、马尔济斯、金毛、比熊等
优点：带出门的回头率杠杠的

想要安静的就选：
法斗、比熊、柴犬、拉布拉多、巴哥
优点：不会出现扰民情况，不会被人投诉

体味轻就选：
拉布拉多、金毛、柯基、雪纳瑞、法斗、田园犬
优点：家里不会出现异味",2024-07-15 19:23:45,2024-07-15 19:23:45,0,0,0,0,0,
99,10,1,萧山求助！！！,今天路过这里看见一只小柯基在地上奄奄一息，我赶着去医院没有多停留，真的特别特别可怜，不知道是不是生病被主人抛弃了还是怎么的，这个点又没什么人，有没有好心人路过这边的看看它现在是怎么样了,2024-07-15 19:23:46,2024-07-15 19:23:46,0,0,0,0,0,PostImages/1cyuzo1urjpwfam1eshz4i0eos0j7two7cobonigy65vixgnbclwqt5emt4kwk5p.jpg
100,10,1,老猫求助！,"万能的小红书！我知道有众多猫狗友人聚集在这儿！
希望看到的猫友能帮帮忙！
我家06年到现在的老母猫了，加菲扁脸，从昨晚开始就不吃东西，精神开始出现萎靡，趴在角落不愿意动弹！
今天上午依旧，一开始以为是中暑，后来发现其走路打晃没劲，接近中午想要吃猫膏喝水时发生全身癫痫，一个劲儿抽搐！且有小便失禁！
立即打车前往宠物医院，做了血生化、常规，结果报告出来后大夫告知没有问题，大夫听了他的心脏以后也说没有问题，猫意识开始好转，能叫能动了！
结果回家后不到两个小时，又再次出现全身癫痫抽搐症状，且有明显小便失禁，没有呕吐白膜，在此之前只吃了一点猫膏，且能动能走又能叫，这次明显比上次厉害！如图！
家里就我一人，实在不知该如何是好！小地方宠物医院只有一个，大夫不让再去，晚上无人值班，也没有好办法！心里十分着急！交通不便一时半会回不了北京！年岁大，怕她再次癫痫抽搐！
不知有没有了解相关疾病的猫友，如有经验，可以告知究竟因何原因，该如何治疗，急！我此刻该如何帮她！",2024-07-15 19:23:47,2024-07-15 19:23:47,0,0,0,0,0,PostImages/unqtcjs3l3wec9hrjzz4udttpb4rbj555zb9e72awjlqy7i92pr6kwa0r4qpnpge.jpg
