COMMENT_ID,POST_ID,USER_ID,PARENT_COMMENT_ID,CONTENT,COMMENT_TIME,LIKE_COUNT,DISLIKE_COUNT
1,1,11,,赶紧送医院,2024-08-04 10:40:00,0,0
2,1,12,,像库欣综合征,2024-08-04 10:40:01,0,0
3,1,13,,好可怜的狗狗帮帮他去看医生吧,2024-08-04 10:40:02,0,0
4,1,14,,去医院看看是不是腹水吧,2024-08-04 10:40:03,0,0
5,1,15,,去医院检查吧，像腹水,2024-08-04 10:40:04,0,0
6,4,16,,可以找朋友一起在犄角旮旯找找，撒点猫粮喂喂附近流浪猫 尽量今天找找应该找的到的,2024-08-04 10:40:05,0,0
7,4,17,6,已经在小区找了个遍，感觉已经不在小区了或者被人抱走了,2024-08-04 16:40:06,0,0
8,4,18,,小红书奶猫吸引声有用 音量开到最大找 猫胆子小 肯定在附近 我朋友的猫就是凌晨五六点在地下车库找到的 清洁阿姨提供的线索 猫是液体 哪里都能躲 那种开着缝隙的地下车库也要排查 一个姐妹在丢的50米范围内反复找 凌晨四点找到了 剪刀大法有用,2024-08-04 10:40:07,0,0
9,4,19,,顶上去！顶上去！,2024-08-04 10:40:08,0,0
10,6,20,,最后怎么样了？我家狗也是之前就喝水。狗粮也吃的。现在不吃了。吃了就吐。也不拉。吃进去的东西没消化。全吐出来了。做了检查。胰腺指数偏高。但肚子里屎太多了。不准。又说肝不好。我都要急死了,2024-08-04 10:40:09,0,0
11,6,11,10,医生说最多五天，但今天已经是回家的第四天了，恢复的速度很惊人，一天一个样，现在外表已经看不出异常了，但吃东西还吐，便便也有点成型了，喂点药再看看吧,2024-08-05 11:40:10,0,0
12,6,12,,查是否被蜱虫咬,2024-08-04 10:40:11,0,0
13,6,13,,你家狗狗最后怎么样了,2024-08-04 10:40:12,0,0
14,6,14,,姐妹姐妹，看下我！你家狗狗一开始是什么症状啊？我家狗狗最近也不舒服，不吃喝水少，精神不太好，流黏稠透明口水，但会馋，发情期刚过,2024-08-04 10:40:13,0,0
15,7,15,,接！我家也在乡下 找了一个星期了 板栗快回来吧,2024-08-04 10:40:14,0,0
16,7,16,,家是在县城，马路边上，猫猫不会离家太远，活动范围顶多家里周围一两户人家，从昨天早上吃完猫粮之后就不见了，被困住了会叫，饿了会找吃，自己也知道回家。但是昨天和今天一直没听见他叫也没看见她，三年了没丢过一次，就昨天一下子不见了,2024-08-04 10:40:15,0,0
17,7,17,,我家猫是躲邻居车底带到20公里外的乡下了，我找了很多天都还没找到，我家那只有的时候会回应，在外面可能胆小不回应，而且也不确定沿途是不是有跑下车,2024-08-04 10:40:16,0,0
18,7,18,,一会去找朋友小猫，希望找到，求求了,2024-08-04 10:40:17,0,0
19,7,19,,北京时间 7.13凌晨1.23开门出去了，溜达了一圈回来了，家里人把门关上了说是我忘记关门了，过了一会儿凌晨三点又开门了，出去玩了一会，外面下雨回来了，我回家看见门开着把我吓了一跳，突然伸出来了一个猫脑袋，狗东西一直在门口等着我,2024-08-04 10:40:18,0,0
20,10,20,,您好呀，这个宠物背包是哪一家的呀,2024-08-04 10:40:19,0,0
21,10,11,,你好，益生菌有没有推荐呀,2024-08-04 10:40:20,0,0
22,10,12,21,我们就是吃的小宠的,2024-08-04 10:58:21,0,0
23,11,13,,300一针？咋不去抢？一个月打针就近1W，自己拿441打吧，你这猫小，一瓶能用一周了，才一百多成本。,2024-08-04 10:40:22,0,0
24,11,14,23,我们1昨天确诊猫传腹，12斤半的，一次打5ml一针300，他这个300太贵了,2024-08-04 15:40:23,0,0
25,11,15,,打针一个月，后面转好喂片剂，我家的干性传腹三天后就可以自主进食了，现在一个月了，跟正常一样，然后每天喂药,2024-08-04 10:40:24,0,0
26,11,16,,联系兽药买正宗441，120一支。,2024-08-04 10:40:25,0,0
27,11,17,,上个鼻饲管，一定要吃才能好，然后打411，坚持,2024-08-04 10:40:26,0,0
28,12,18,,我家猫之前也丢了几天，不知道藏家里啥地方了，猫粮在变少，猫砂里有新粑粑，我跟云养猫似的,2024-08-04 10:40:27,0,0
29,12,19,,被窝里！！！我们家猫有一次就是这样，哪儿都找不到，我都伤心哭了，最后发现在被窝里，死活不吭声，让我拽出来打了一顿,2024-08-04 10:40:28,0,0
30,12,20,,你去抖音搜索召唤猫猫，她听到声音就出来了,2024-08-04 10:40:29,0,0
31,12,11,,衣柜里抽屉里找找,2024-08-04 10:40:30,0,0
32,12,12,,我家小猫也在家消失了，客厅窗户开了一点估计钻出去了，之前会到阳台上玩，这次不知道跑哪去了，昨晚发现的我还心存侥幸自己会回来，到中午了还没看到心慌开始找了还没找到,2024-08-04 10:40:31,0,0
33,13,13,,私信了,2024-08-04 10:40:32,0,0
34,13,14,,我儿可以吗,2024-08-04 10:40:33,0,0
35,14,15,,我买了个二手电话手表 据说可以自动接视频 等到了试一下 总觉得这些定位器都不准,2024-08-04 10:40:34,0,0
36,14,16,,价位多少啊,2024-08-04 10:40:35,0,0
37,14,17,36,200+后续忘了30-40一年吧。。反正好像也是几家中最便宜的了,2024-08-04 17:42:36,0,0
38,14,18,,真的好用吗 我的大金毛前两天被我爸差点弄丢了 我找了很久 吓死我了,2024-08-04 10:40:37,0,0
39,16,19,,猫咪19日走了，未查到病因。刚整理了下很多全新未用，还有前两天刚给他购入的东西，有兴趣的可私信。,2024-08-04 10:40:38,0,0
40,16,20,,生化报告呢？,2024-08-04 10:40:39,0,0
41,16,11,,我真的发现很多宠物医生的水平真的很差劲，我家宝也是呕吐换了第三家才确诊，然后耽误了最佳治疗时间,2024-08-04 10:40:40,0,0
42,16,12,,我家猫就是胃壁增厚 后来做了穿刺诊断了胃淋巴瘤,2024-08-04 10:40:41,0,0
43,16,13,,感觉是急性传腹 短时间内病毒攻击消化食到肠胃 突变的 白球比数据会滞后,2024-08-04 10:40:42,0,0
44,17,14,,对的，我也刚刚路过，惊讶变成了manner,2024-08-04 10:40:43,0,0
45,17,15,,啊？？？变成manner了？,2024-08-04 10:40:44,0,0
46,17,16,,很好拍的样子,2024-08-04 10:40:45,0,0
47,17,17,,装修的像便利店了，没有之前那家有味道了。,2024-08-04 10:40:46,0,0
48,17,18,,之前是星叭叭那家吧，这是宠物友好店铺,2024-08-04 10:40:47,0,0
49,18,19,,我家有一只小的，丢了5天，都不抱希望了，最后渴了自己出来喝水，至今不知道它到底躲在哪里。,2024-08-04 10:40:48,0,0
50,18,20,,妹妹，昨天作死把乌龟拿到床上，晚上和他睡觉，我不知道，我第二天我就发现乌龟不见了，我问他，他才给我说，妈的，找遍了都没有，该咋办呢？,2024-08-04 10:40:49,0,0
51,18,11,,我家都是自己藏起来 想出来就出来 一只龟的捉迷藏,2024-08-04 10:40:50,0,0
52,18,12,,这个缸，我家也是这个缸，白天出门时还在的。下班回来有一只越狱了找不下,2024-08-04 10:40:51,0,0
53,18,13,,我上次丢的时候丢了一个多星期才找到现在又丢了,2024-08-04 10:40:52,0,0
54,19,14,,好搞笑,2024-08-04 10:40:53,0,0
55,19,15,,跨物种可以吗铁铁,2024-08-04 10:40:54,0,0
56,21,16,,亲亲最后医生诊断什么呀？我家小狗吃饭和便便都正常，就是没有以前活泼了，不知道是不是因为热还是咋滴,2024-08-04 10:40:55,0,0
57,21,17,,小狗最后自己恢复了吗,2024-08-04 10:40:56,0,0
58,21,18,,求助，我家狗也是一个星期前打了狂犬，今天突然变得没精神，不爱玩,2024-08-04 10:40:57,0,0
59,21,19,,我的小狗也是,2024-08-04 10:40:58,0,0
60,21,20,,我的小狗也是。。突然就木木的做啥也慢慢的今早还去查了血液一点问题也没有，我真的要哭死了，我宁愿它像以前一样调皮,2024-08-04 10:40:59,0,0
61,23,11,,谢谢大家的关心！因找不到失主，我这两天已经把小鹦鹉带回厦门家中了。先找了个二手笼子应急，等它状态稳定后再换个横丝的,2024-08-04 10:41:00,0,0
62,23,12,,我们小区有人丢了鹦鹉，找了几天了,2024-08-04 10:41:01,0,0
63,23,13,,我家丢了一只！我有照片,2024-08-04 10:41:02,0,0
64,23,14,,我家也捡了一只，试养了五天了。当时跟它承诺如果没嘎就买设备养起。今天刚下单了笼子和鸟粮,2024-08-04 10:41:03,0,0
65,23,15,,宝！我的好朋友家里养了7只鹦鹉 都是她从小到大手痒起来的 平时出门会给一个专门的房间任意飞 晚上回家了会把门开开鹦鹉们就满天飞哈哈哈 她真的很专业！！如果需要的话可以给我我们都是在一个公司的！,2024-08-04 10:41:04,0,0
66,23,16,,我去，跟我之前养的一模一样，当时我打开窗户，让它看看外面的世界，结果飞出去就不回来了，但是我是3月份的时候在罗湖飞走的,2024-08-04 10:41:05,0,0
67,27,17,,有一次我和朋友说前面那只狗好丑 它转身就来扑我…（当然也有可能是我手里拿着培根三明治,2024-08-04 10:41:06,0,0
68,27,18,,有次在地铁站看见警犬，惊叹了一句“这狗好帅啊！”然后这狗真的回头看我。我怕是巧合，它第二次经过的时候又喊“好帅！”，它又回头 属于非常帅而自知的狗了,2024-08-04 10:41:07,0,0
69,27,19,,这话说我我都不知道是什么意思 没想到输给了一条德国腊肠,2024-08-04 10:41:08,0,0
70,27,20,,楼下老大爷听不懂普通话，摸他家柯基的时候用普通话说一句小煤气罐你好，柯基瞬间翻脸,2024-08-04 10:41:09,0,0
71,28,11,,我的狗在村里，丢了两天了。还可以回来吗,2024-08-04 10:41:10,0,0
72,28,12,,接好运！！希望我的狗狗能快点回家，至少能活着,2024-08-04 10:41:11,0,0
73,28,13,,接好运！！！！,2024-08-04 10:41:12,0,0
74,28,14,,接花卷回来,2024-08-04 10:41:13,0,0
75,28,15,,接好运 小狗快快回家,2024-08-04 10:41:14,0,0
76,28,16,,我的狗丢了 余杭区赞成美树附近,2024-08-04 10:41:15,0,0
77,29,17,,amazing,2024-08-04 10:41:16,0,0
78,29,18,,儿大找媳妇了,2024-08-04 10:41:17,0,0
79,31,19,,窝里横，在外面洗澡老实得很，家里就不行，洗个爪子都不行,2024-08-04 10:41:18,0,0
80,31,20,,猫猫生气,2024-08-04 10:41:19,0,0
81,31,11,,猫猫好可爱,2024-08-04 10:41:20,0,0
82,31,12,,我的猫猫坐盆子里面(高的洗衣盆刚好露个猫头)每次才放进去他就开始斜我过一会就泡爽了没啥事了,2024-08-04 10:41:21,0,0
83,31,13,,笑死了，洗完澡眼直接大了两倍,2024-08-04 10:41:22,0,0
84,31,14,,哈哈哈哈哈哈哈哈生一场花五千块钱但是不死的病,2024-08-04 10:41:23,0,0
85,33,15,,狗都开始读书了,2024-08-04 10:41:24,0,0
86,33,16,85,我还有什么资格不努力,2024-08-04 10:48:25,0,0
87,33,17,,爱撕咬玩具的大型犬是不是不太适合,2024-08-04 10:41:26,0,0
88,33,18,,2分钟稀巴烂,2024-08-04 10:41:27,0,0
89,33,19,,柴犬会喜欢吗？不是很了解 但是想送朋友,2024-08-04 10:41:28,0,0
90,33,20,89,在里面塞它喜欢的零食就会去玩的,2024-08-04 12:41:29,0,0
91,34,11,,刷到的宝子，有什么养猫问题可以甩在评论区,2024-08-04 10:41:30,0,0
92,37,12,,猫瘟不吃不喝不拉不吐怎么办,2024-08-04 10:41:31,0,0
93,37,13,92,确诊猫瘟了吗，确诊的话只能强喂，建议喂处方罐头。然后看指标，输液打针。喂不进去，严重就是鼻饲管，不然可以考虑输蛋白。前提是你有血常规或者生化指标，确诊了猫瘟。如果你遇到的是庸医，建议转院。,2024-08-04 13:51:32,0,0
94,37,14,,猫瘟：消炎，止吐止泻，补血，蛋白，调节离子（具体看指标输液,2024-08-04 10:41:33,0,0
95,37,15,,生病期间不吃不喝：强灌，鼻饲管，输蛋白,2024-08-04 10:41:34,0,0
96,37,16,,吐：吃异物，肠胃不适，感冒着凉，菌群，排泄体内的毛球，吐白沫是中毒/刺激口腔黏膜,2024-08-04 10:41:35,0,0
97,38,17,,做小程序商城的要注册哪一些呢,2024-08-04 10:41:36,0,0
98,38,18,97,您是注册哪个地区和平台呢,2024-08-04 21:31:37,0,0
99,42,19,,哈哈哈哈太好笑了好像一只蛤蟆,2024-08-04 10:41:38,0,0
100,42,20,,这不是最可怕的，是排除完所有它可能做的坏事，还发现它在抖的时候，那一夜都睡不安稳，就跟埋雷没扫到的感觉。我知道，因为我有朋友新手养狗，她就这样,2024-08-04 10:41:39,0,0
101,42,11,,我家狗那天一个小时特别安静，后来发现她把家里没洗的锅碗都舔了一遍，都舔反光了……,2024-08-04 10:41:40,0,0
102,42,12,,想起来有天回家，小狗特别殷勤，就是那种特别谄媚的眼神！然后就在沙发上发现了三个包装袋……,2024-08-04 10:41:41,0,0
103,42,13,,我家这个表情一般就是要么吐地下了要么把厨房垃圾桶研究了一遍要么把阳台花给我啃喽，反正没好事,2024-08-04 10:41:42,0,0
104,43,14,,买什么水碗，直接把我的杯子给他了，一天喝个十几次,2024-08-04 10:41:43,0,0
105,43,15,,养猫第一年 我直接用洗洁精给猫洗澡 因为洗洁精是可以食用的 更安全 而且特别好用,2024-08-04 10:41:44,0,0
106,43,16,,我捡了个天使猫，爱喝水不挑食会埋屎，很少叫，有需求了才会张嘴轻轻啊一声，这是昨天生娃的时候喊我帮她,2024-08-04 10:41:45,0,0
107,43,17,,这是我真正需要的养猫贴 而不是一堆广告和精致排版一堆抄来抄去的p话,2024-08-04 10:41:46,0,0
108,43,18,,能不能有商家出一些原理类似但是好看的，我实在受不了这么丑的东西放在我家里,2024-08-04 10:41:47,0,0
109,47,19,,他们看缅因跟我们看蜡笔小新园长是一样的嘛,2024-08-04 10:41:48,0,0
110,47,20,,布偶能不能亲死，太可爱了,2024-08-04 10:41:49,0,0
111,49,11,,请问多少钱入的，抖音现在279，纠结中,2024-08-04 10:41:50,0,0
112,49,12,111,279比我买的便宜 我饮水机喂食器都300+,2024-08-04 17:41:51,0,0
113,49,13,,现在感觉咋样啊？？推荐么！！,2024-08-04 10:41:52,0,0
114,49,14,113,推荐 没有坏过 解放双手,2024-08-04 17:43:53,0,0
115,49,15,,蹲个饮水机使用反馈，喂食器真的好用的 买了两个了,2024-08-04 10:41:54,0,0
116,49,16,,这个喂水的最好注意一下，我买了退了，三天滤芯就黑了，店家说正常，然后就生虫子了，后来我去看评论发现不是个例,2024-08-04 10:41:55,0,0
117,49,17,,什么牌子的啊,2024-08-04 10:41:56,0,0
118,50,18,,跟你一样，我也每天给狗厕所和狗笼子喷喷除臭，这样就没异味了，而且还能减少细菌呢,2024-08-04 10:41:57,0,0
119,50,19,,二个月的小奶狗用什么零食奖励,2024-08-04 10:41:58,0,0
120,50,20,119,狗粮，别喂太早零食,2024-08-04 12:21:59,0,0
121,50,11,,叫狗狗名字，有吃的才过来，没吃的就不过来该怎么办？,2024-08-04 10:42:00,0,0
122,50,12,,四十天的小狗能吃零食吗,2024-08-04 10:42:01,0,0
123,50,13,122,最好不要，我家不到50天接回家，最好不要相信所有卖零食的，为了训练，吃了宠物火腿肠，开始挑食不吃泡软狗粮，三四天不涨斤两，好在长牙了，吃干粮，现在50几天了，只为干粮，吃饱了再喝水，或者羊奶粉。千万不要急于喂零食。,2024-08-04 14:42:02,0,0
124,51,14,,"仓鼠不便宜,就相当于在重庆，新世界百货大楼有一个卖仓鼠的，有的仓鼠288，这叫便宜？还有笼子，洗澡沙，冬天保暖用的纸棉，还有木屑，还要给小仓鼠买磨牙棒，还有给他添加蛋白质，买面包虫，还有小跨栏，小桌面，夏天用的床",2024-08-04 10:42:03,0,0
125,51,15,,都不便宜，只要你用心养给他置办的东西会越来越多，想给他们更好的,2024-08-04 10:42:04,0,0
126,51,16,,不建议养仓鼠，仓鼠用品是真的贵。学生党可能负担不起。还有就是要给仓鼠买40cm的笼子或者60cm笼子有点占空间。并且养在宿舍的话晚上声音很大，因为它会晚上活动。并且学校有可能会定期灭鼠，他们可能会被杀掉。,2024-08-04 10:42:05,0,0
127,51,17,,巴西龟新手养不活的,2024-08-04 10:42:06,0,0
128,51,18,,强烈推荐养斗鱼啊，特别好养活而且颜色鲜艳，每一条都很特别，可以养在各种各样的小瓶子里面,2024-08-04 10:42:07,0,0
129,52,19,,比我养仓鼠还便宜,2024-08-04 10:42:08,0,0
130,52,20,,是什么品种啊,2024-08-04 10:42:09,0,0
131,53,11,,养猫以后，手机里除了花就是猫，没有一张自己的照片了哈哈,2024-08-04 10:42:10,0,0
132,53,12,,世界上不能没有小猫咪,2024-08-04 10:42:11,0,0
133,53,13,,这简直就是亲妈滤镜一百层好吧 送过来给我仔细看看 我才能用我的角度说真话,2024-08-04 10:42:12,0,0
134,53,14,,送我啊啊啊啊这么可爱的猫我就不能有一只吗,2024-08-04 10:42:13,0,0
135,53,15,,真的可爱 嘟嘟嘟嘟嘟！,2024-08-04 10:42:14,0,0
136,53,16,,可以用你的猫当头像吗，实在太可爱了,2024-08-04 10:42:15,0,0
137,54,17,,发这个帖也是想通过自己的力量提醒一下网友要注意这种意外，也要提醒自己爸妈，照片是邻居小孩子拍的发在业主群里的，要是所有这样的事发出来都被定义为蹭流量，大家都不宣传，这样的意外难道不会越来越多吗,2024-08-04 10:42:16,0,0
138,54,18,,我有一次回家进电梯，一个泰迪突然冲进来，结果绳子巨长，甚至我都看不见主人在哪里，电梯门关上的一刹那我立马把门按开了，主人过了几秒才慢悠悠走过来，看我反应很大，还说了句，没事狗不咬人，我说这不是咬不咬人的问题，我再晚按一秒电梯往上走了它就得被勒亖,2024-08-04 10:42:17,0,0
139,54,19,,主人的智商决定宠物的命有多长（这里不指任何人，只是感叹）,2024-08-04 10:42:18,0,0
140,54,20,,我最担心的事情，我有两次也是我都脚放那让狗进电梯了刷牌，结果我人进去一瞬间他大屁股起来跑了出去我吓死,2024-08-04 10:42:19,0,0
141,54,11,,我天 幸好没事 吓死了 上次我妈妈还救了一只狗狗，也是电梯这样上去了 她立刻给送了卡扣,2024-08-04 10:42:20,0,0
142,55,12,,还挺正经......谈判气势不错呢小猫,2024-08-04 10:42:21,0,0
143,55,13,,都静一静！听喵领导讲话,2024-08-04 10:42:22,0,0
144,55,14,,说吧，不上班那拿什么养我？,2024-08-04 10:42:23,0,0
145,55,15,,它好像个法官,2024-08-04 10:42:24,0,0
146,55,16,,判官大人 您好,2024-08-04 10:42:25,0,0
147,55,17,,可爱宝宝！！,2024-08-04 10:42:26,0,0
148,56,18,,它怎么长得跟jellycat一模一样啊啊啊啊啊啊,2024-08-04 10:42:27,0,0
149,56,19,,绿袋子居然还有粉的,2024-08-04 10:42:28,0,0
150,56,20,,姐妹俺能抱走当头像吗，我好喜欢！！！！！他好可爱啊啊啊啊啊啊啊啊！！！！！,2024-08-04 10:42:29,0,0
151,56,11,,啊啊啊啊啊好可爱,2024-08-04 10:42:30,0,0
152,57,12,,我们在玉溪这有一只猫猫，疑似被虐待过，脚上断的，在红塔区泰安路附近，求救助，比较怕人，我们喂了肠，小家伙饿坏了(拜托置顶小猫需要帮助)它的脚已经踩扁了不能再托了，我是昆明的来这边体校训练所以没办法把它带去治疗,2024-08-04 10:42:31,0,0
153,57,13,,总觉得这种给虐猫变态提供了便利,2024-08-04 10:42:32,0,0
154,57,14,,每次看到这种国内关于科技赋能精神人文文明的博文心情就很愉悦，总比晒暴富晒美晒强的题材更合适我,2024-08-04 10:42:33,0,0
155,57,15,,这种的领养审核严格嘛？好怕被虐猫的盯上,2024-08-04 10:42:34,0,0
156,57,16,,在深圳6年，真的是一座宠物友好城市，这一点上来说我爱深圳！,2024-08-04 10:42:35,0,0
157,58,17,,家里有狗可以养鸟吗？最近想买，可是没有养过。,2024-08-04 10:42:36,0,0
158,58,18,157,决定笼养还是手养呢，手养会亲人一些，但是要放飞出来玩。有狗狗可能会影响鸟玩耍。笼养就不用担心啦，在笼子里很安全,2024-08-04 13:22:37,0,0
159,59,19,,小浣熊干脆面,2024-08-04 10:42:38,0,0
160,59,20,,他们真的很爱翻别人东西，认识第一天就翻遍所有柜子，跟入室抢劫小偷一样,2024-08-04 10:42:39,0,0
161,59,11,160,这个动物的精力特别旺盛，所以需要一些玩具来分散精力，或者陪他玩,2024-08-04 15:12:40,0,0
162,59,12,,它咬人，而且养不熟，这点是最重要的,2024-08-04 10:42:41,0,0
163,60,13,,怎么会有人给猫猫取名叫憨批的呀，原来是我,2024-08-04 10:42:42,0,0
164,60,14,,黄金999,2024-08-04 10:42:43,0,0
165,61,15,,不我没它可爱,2024-08-04 10:42:44,0,0
166,61,16,165,你有,2024-08-04 10:46:45,0,0
167,61,17,,我就知道喜欢是一种感觉，我就喜欢冷白皮斯文学术阳光型,2024-08-04 10:42:46,0,0
168,61,18,,不知道为什么感觉这张长的好像许光汉哈哈哈哈哈哈（没有在骂我不是黑粉，宝宝很可爱许光汉也很帅！！）,2024-08-04 10:42:47,0,0
169,61,19,,姐妹礼貌拿图做头像好可爱太可爱啦,2024-08-04 10:42:48,0,0
170,62,20,,吃点益生菌吧~柯基肠胃就是脆弱吃太好又不行~吃太饱又不行,2024-08-04 10:42:49,0,0
171,62,11,,柯基的肠胃不好是常态。吃东西简单就行了。吃的多，乱吃都不行。以后常备着土霉素，蒙脱石吧。人的药减小剂量都可以。上次我家狗子感染了寄生虫，给的药就是甲硝唑。我后来就自己在网上买了两瓶备着。不过，要先去医院化验一下，到底是什么原因。,2024-08-04 10:42:50,0,0
172,62,12,,去查查犬瘟细小 宝贝要好好的,2024-08-04 10:42:51,0,0
173,62,13,,小心狗瘟，赶紧送医院去扎针,2024-08-04 10:42:52,0,0
174,62,14,,还没立耳的柯基应该很小，估计也没打疫苗，细小可能性不低的,2024-08-04 10:42:53,0,0
175,62,15,,好可爱的宝宝，希望她快点好起来,2024-08-04 10:42:54,0,0
176,63,16,,0元购，20岁了。今年刚做了口腔淋癌切除，后面继续化疗。它自己都没放弃，我也不会找借口放弃它，它是家人，也是最棒的小猫。,2024-08-04 10:42:55,0,0
177,63,17,,我家病秧子天生体质差 三岁了一年涨一万,2024-08-04 10:42:56,0,0
178,63,18,,我养了20几年的狗，自从知道宠物保险就一直推荐身边人买，但是我周围的人都不愿意买我也不知道为啥……然后一生病就千把块，他们又来和我说早知道就买保险了，小几百块钱，不就是一顿饭钱嘛,2024-08-04 10:42:57,0,0
179,63,19,,医院也不是傻都能治 我去医院通了2次便前前后后就折腾了5 6000,2024-08-04 10:42:58,0,0
180,64,20,,行军床我狗子不睡，我给它买的弹簧狗床垫,2024-08-04 10:42:59,0,0
181,65,11,,请问大号大概多大呀40吗，我还刷到了一个超大号,2024-08-04 10:43:00,0,0
182,65,12,,不用太大 按猫猫体型来 太大了换猫砂也很费猫砂的,2024-08-04 10:43:01,0,0
183,65,13,,两个月大就可以这么养吗？,2024-08-04 10:43:02,0,0
184,69,14,,我家的是小流浪送回来的 我遇见小流浪求它帮我找找 最后我都要放弃了 小流浪给我送回来了 我给小流浪猫粮吃了,2024-08-04 10:43:03,0,0
185,69,15,,家猫之前跑出去，我家在六楼，全家总动员，一个从一楼爬到15楼，一个从28楼下到15楼，没找到！！！我一个孕妇不信邪从六楼爬上爬下他喵的，结果那死猫跑19楼一个漂亮小姐姐家里赖着不出来！！小姐姐在业主群问主人是谁，我上去抓，那死猫居然抗拒！！！它不想跟我回家，还跑气死我了，抓回去狠狠揍了一顿,2024-08-04 10:43:04,0,0
186,69,16,,你运气太好了，之前我家狗丢了，我也到处发，结果遇到诈骗犯说狗被他们绑架了，让我打三万块钱,2024-08-04 10:43:05,0,0
187,69,17,,小胖子：嘿嘿我身价又涨了,2024-08-04 10:43:06,0,0
188,70,18,,我也是。两只猫一共11kg，费用338+40打包。已安全到家,2024-08-04 10:43:07,0,0
189,70,19,,姐妹你好，机场有查免疫证吗,2024-08-04 10:43:08,0,0
190,70,20,,姐妹请问箱子外面的网是一定需要自备的吗？,2024-08-04 10:43:09,0,0
191,70,11,,蹲一个友友 哈尔滨托运到上海 2斤猫一般价格多少,2024-08-04 10:43:10,0,0
192,72,12,,宠物保姆车，全国都能去，还有实时监控或者人宠同行,2024-08-04 10:43:11,0,0
193,72,13,,我男朋友工作变动 从兰州来上海 两只猫托运还没想好怎么办,2024-08-04 10:43:12,0,0
194,73,14,,开了半年了 受得伤超乎你的想象 如果只是靠喜欢是不长久的 这个行业没有别人想的那么暴利 都是辛苦钱而已,2024-08-04 10:43:13,0,0
195,73,15,,我现在做宠物医院前台。你要想问什么可以找我聊聊,2024-08-04 10:43:14,0,0
196,73,16,195,你好，我刚刚看了一个宠物前台（需要卫生清洁，每日宠物生活区域，店铺卫生清洁，前台相关工作，宠物喂养，遛弯）括号里是他告诉我的工作内容，时间早九晚八。请问卫生清洁包括换猫砂啊洗笼子铲屎这些吗？,2024-08-06 11:43:15,0,0
197,73,17,,你是觉得宠物行业门槛低很好做对吗,2024-08-04 10:43:16,0,0
198,73,18,,今天去面试一家宠物店，说我没经验只有1k2，这种情况要持续至少一年，我说我考虑考虑，他回:你很缺钱吗,2024-08-04 10:43:17,0,0
199,73,19,,我现在是不建议去宠物医院，你要是想当当前台可以，别的就算了，我跑了,2024-08-04 10:43:18,0,0
200,74,20,,行李也可以正常携带？,2024-08-04 10:43:19,0,0
201,74,11,200,可以带，但是得沟通一下。我带狗去广东的那次就是，行李很多，提前沟通了，可以带的。行程备注里可以选择有大件行李。如果选不了，就是跟车主在APP的沟通页面对话沟通。,2024-08-04 14:23:20,0,0
202,74,12,,什么软件？,2024-08-04 10:43:21,0,0
203,74,13,202,滴滴和哈罗,2024-08-04 10:48:22,0,0
204,77,14,,但是我觉得不好玩,2024-08-04 10:43:23,0,0
205,77,15,,你买多少钱？我们这边专门撸宠物收门票的店卖1只3千，钱倒还好说关键是这东西会不会容易生病？会不会咬人？需要打疫苗吗？我们这边小县城不知道有没有可以给土拨鼠看病了，而且我现在孕期特别害怕养了被咬一口会不会有事,2024-08-04 10:43:24,0,0
206,77,16,,土拨鼠我推荐你们养母的，公的发情期比较凶，而且公的总体上没有母的好，公的没有母那么粘人听话,2024-08-04 10:43:25,0,0
207,77,17,,提问一下黑尾和普通的国产有区别吗,2024-08-04 10:43:26,0,0
208,78,18,,多少钱一只，可以发视频看看吗,2024-08-04 10:43:27,0,0
209,78,19,208,私我,2024-08-04 10:53:28,0,0
210,78,20,,多少钱,2024-08-04 10:43:29,0,0
211,78,11,210,私我,2024-08-04 10:54:30,0,0
212,79,12,,哈哈哈 她的表情 感觉叫你退下吧,2024-08-04 10:43:31,0,0
213,79,13,,姐姐怎么还不走人家要和哥哥睡觉觉了,2024-08-04 10:43:32,0,0
214,79,14,,你是多余的 快走吧,2024-08-04 10:43:33,0,0
215,79,15,,这个表情好像在说，今晚你睡那屋吧,2024-08-04 10:43:34,0,0
216,79,16,,你不在的时候 她会化身成人,2024-08-04 10:43:35,0,0
217,80,17,,博主我说句实话，你别不开心！猫咪真的不能太胖！！！不然会诱发心脏、肾脏、胰腺很多很多疾病。节哀,2024-08-04 10:43:36,0,0
218,80,18,,当初养它已经做好了它会离开我的准备，没想到真的到这一刻的时候有这么痛苦 现在唯一能留住它的只有这个挂牌,2024-08-04 10:43:37,0,0
219,80,19,,快5岁了，一直维持在16斤。有没有什么有效的减肥办法,2024-08-04 10:43:38,0,0
220,80,20,,我家2岁了才7斤多把我愁死了，咋吃都吃不胖,2024-08-04 10:43:39,0,0
221,80,11,,养猫人真的好能共情，每次看到这种帖子都很难过，我的猫去年是玩着逗猫棒的时候突然倒地，口吐白沫浑身抽搐，我直接吓坏了，过了三十秒等她不抽搐的时候我抱着她直奔医院。医院就离我家二百米，一路边跑边哭，眼泪鼻涕四处乱飞，万幸最后救下来了。,2024-08-04 10:43:40,0,0
222,81,12,,散养一段时间你会发现兔子也很亲人，自己往你身上跳，半夜会上床偷偷看你舔你，听到你回家赶紧跑过来迎接你,2024-08-04 10:43:41,0,0
223,81,13,,你推荐大叔小宠？？？他是圈内黑名单了,2024-08-04 10:43:42,0,0
224,81,14,,道奇耶，小心咬地毯和电线,2024-08-04 10:43:43,0,0
225,81,15,,小心它不小心掉下去,2024-08-04 10:43:44,0,0
226,82,16,,乌龟：你和你太爷爷一样多愁善感,2024-08-04 10:43:45,0,0
227,82,17,,我也问过她，她说这是我家该滚的是你,2024-08-04 10:43:46,0,0
228,82,18,,他会每年去给你扫墓，然后唱remember me,2024-08-04 10:43:47,0,0
229,82,19,,这个眼神好像在说：也不知道这个能活多久,2024-08-04 10:43:48,0,0
230,82,20,,达尔文的宠物龟最近才在美国逝世......我姐姐也养了只龟，她因此生了俩娃......,2024-08-04 10:43:49,0,0
231,83,11,,虐待小动物的都倒霉一辈子,2024-08-04 10:43:50,0,0
232,83,12,,小区楼下有只流浪猫，有条腿给人斩断了，现在三条腿走路，还带着一群小猫咪，好可怜呐,2024-08-04 10:43:51,0,0
233,83,13,,好漂亮的小奶牛猫，好喜欢奶牛猫，毕业前做梦都想有一份稳定的工作，养一只黑白的猫咪，可惜各种原因太困难了，下辈子我生在省会市里做一个体制内，钱不富裕，但是在北方也算不差的工作，这样也能供得起你，投胎来做我的心爱的猫宝宝吧,2024-08-04 10:43:52,0,0
234,83,14,,为什么要这样伤害它们,2024-08-04 10:43:53,0,0
235,83,15,,这不是虐待死的吧没血啊？ 路上死掉的野猫丢垃圾桶挺正常的 被撞死的病死的冻死的 埋了说不定还有污染祸害别的 真要好事做到底花钱去火化。等冬天去小区逛逛 小猫一窝一窝的死,2024-08-04 10:43:54,0,0
236,84,16,,我总觉得小狗回头看主人是因为怕主人丢了,2024-08-04 10:43:55,0,0
237,84,17,,神马乱七八糟的 这些都是正常的,2024-08-04 10:43:56,0,0
238,84,18,,我感觉前几条很正常啊，我上次看还说是爱你的表现，真是说什么都有，我家狗总看我，我是它主人它不看我看谁,2024-08-04 10:43:57,0,0
239,84,19,,我家狗就是这样，是一只没有安全感的狗狗,2024-08-04 10:43:58,0,0
240,85,20,,好可爱！,2024-08-04 10:43:59,0,0
241,85,11,,老师，我想定制！,2024-08-04 10:44:00,0,0
242,85,12,,接稿吗！！！老师！！！,2024-08-04 10:44:01,0,0
243,85,13,,您好能定制吗,2024-08-04 10:44:02,0,0
244,85,14,,可以约嘛，我们家颜色简单！每一只都简单！,2024-08-04 10:44:03,0,0
245,86,15,,你们家叫奶米？？我家的也叫奶米 是公的,2024-08-04 10:44:04,0,0
246,86,16,,送它去打工,2024-08-04 10:44:05,0,0
247,86,17,246,这是生活不易，猫猫卖艺吗,2024-08-04 19:49:06,0,0
248,86,18,,来酱姨家，都给米米买！,2024-08-04 10:44:07,0,0
249,86,19,,可爱侵略症犯了,2024-08-04 10:44:08,0,0
250,87,20,,我家狗狗现在在围栏里训练定点，便便以后就放出来玩一会儿，结果一让她回去了就嚎,2024-08-04 10:44:09,0,0
251,87,11,,我家狗狗刚开始也这样，出来活动的时候就好好玩，消耗精力，进笼子就用零食或者玩具引导。试试kong的填充玩具，冷冻的或者塞紧一点狗狗要花很长时间吃，至少刚回笼子不会立马嚎。,2024-08-04 10:44:10,0,0
252,87,12,,你的大笼子放卧室吗还是客厅？现在我家狗狗晚上睡觉只有笼子在卧室才不叫。放客厅就一直叫,2024-08-04 10:44:11,0,0
253,87,13,,刚回家在客厅，睡前不叫，但早上五六点醒了会，大冬天的五六点吠叫居民楼实在扰民，搬进卧室就好了。至少听到狗狗醒了，能及时制止吠叫。,2024-08-04 10:44:12,0,0
254,87,14,,我家狗小时候还住在围栏里 就让它在笼子里吃饭 后来围栏关不住了就从围栏转笼子 贼顺利（现在它做错事就自己躲笼子里去 看得出来很有安全感,2024-08-04 10:44:13,0,0
255,88,15,,买了！不好用我找你,2024-08-04 10:44:14,0,0
256,88,16,,我也买了希望有用，狗狗满地大小便实在受不了了,2024-08-04 10:44:15,0,0
257,88,17,,有效果的，当时喷了狗子就去拉了，就是味道散的快，想让狗子拉的时候就喷一下，挺大瓶的，第一次买到有用的,2024-08-04 10:44:16,0,0
258,89,18,,我家的也叫虎虎,2024-08-04 10:44:17,0,0
259,89,19,,好萌，带一只回去吧,2024-08-04 10:44:18,0,0
260,89,20,,你们家的猫为什么眼这么圆,2024-08-04 10:44:19,0,0
261,89,11,,太可爱了！！！！！,2024-08-04 10:44:20,0,0
262,90,12,,这位乘客居然对我翻白眼，麻烦大家批评它一下,2024-08-04 10:44:21,0,0
263,90,13,262,猫猫翻白眼多可爱你还要批评她？猫好人坏！,2024-08-04 21:24:22,0,0
264,90,14,,这位乘客看起来不太高兴啊,2024-08-04 10:44:23,0,0
265,90,15,,怎么忍住不摸它的,2024-08-04 10:44:24,0,0
266,90,16,,你是怎么忍住的呀？我也想摸摸它！,2024-08-04 10:44:25,0,0
267,91,17,,多少钱,2024-08-04 10:44:26,0,0
268,91,18,,我要我要 请给我这个宝子,2024-08-04 10:44:27,0,0
269,91,19,,还在吗,2024-08-04 10:44:28,0,0
270,93,20,,可爱就够了,2024-08-04 10:44:29,0,0
271,93,11,,服从性特差 越叫越不理 有吃的才会听话,2024-08-04 10:44:30,0,0
272,93,12,,我怀孕了 父母不让养了 有没有喜欢的姐妹领养一下实在舍不得送宠物店,2024-08-04 10:44:31,0,0
273,93,13,,一样的情况 不能说一摸一样 只能说还能更过分啊啊啊,2024-08-04 10:44:32,0,0
274,93,14,,对家里其他的小狗友好吗,2024-08-04 10:44:33,0,0
275,94,15,,有跳蚤吗,2024-08-04 10:44:34,0,0
276,94,16,,龙猫是世界上最干净的小动物！它一根毛孔里有七十根毛，所以寄生虫进不去,2024-08-04 10:44:35,0,0
277,94,17,,喜欢叫嘛,2024-08-04 10:44:36,0,0
278,94,18,,不叫的！除非你惹它！有时候小声哼唧特别可爱,2024-08-04 10:44:37,0,0
279,94,19,,他怕热吗要一直开空调？,2024-08-04 10:44:38,0,0
280,96,20,,我也想养一只狗狗，在闲鱼看了这么久一个合适的都没有，都是要加微信,2024-08-04 10:44:39,0,0
281,96,11,,有避雷那种一直要地址，急着要接狗，不给就立刻翻脸污蔑的，我昨天就经历了，跟她吵完，又有个人来要狗，说的话都一样，被我拒绝了不到一分钟又有个人要领养狗，啥时候一直怀孕的小土狗这么受欢迎了，我真是捅了虐狗人的窝了,2024-08-04 10:44:40,0,0
282,96,12,,你总结的不错，各个平台都摸清了这是相当花时间精力的事，你对狗狗也是负责到底的。很重要一点是，狗妈妈还是尽快绝育吧！,2024-08-04 10:44:41,0,0
283,96,13,,谢谢分享啊 我正在送养狗狗 打几千买的小比熊没空照顾，在闲鱼挂出去之后来问我的好多都是奇葩,2024-08-04 10:44:42,0,0
284,96,14,,我这里有个领养的，是个男生，要了猫猫用品的照片，要了三次不给，要上门送猫定位是大学城宿舍，一直盘问也没生气，我是自己养的暹罗，过敏鼻炎引发的哮喘养不了，这种的靠谱不,2024-08-04 10:44:43,0,0
285,97,15,,我家小崽子就是，咬人给它两下子甩甩脑袋就没事了,2024-08-04 10:44:44,0,0
286,97,16,,拆家吗 跑酷吗,2024-08-04 10:44:45,0,0
287,97,17,,喜欢晚上跑酷，拆家感觉一般般,2024-08-04 10:44:46,0,0
288,97,18,,谁能懂看到猫咪我的心都化掉了,2024-08-04 10:44:47,0,0
289,97,19,,但是他们说美短一点都不亲人，不喜欢被人抱,2024-08-04 10:44:48,0,0
290,97,20,,亲人，但是不喜欢被抱（天性）,2024-08-04 10:44:49,0,0
291,98,11,,最推荐哪一种狗第一次养？谢谢,2024-08-04 10:44:50,0,0
292,98,12,,田园犬是真的掉毛怪,2024-08-04 10:44:51,0,0
293,98,13,,说实话是真的不建议新手养柯基 柯基小时候真的超容易得细小,2024-08-04 10:44:52,0,0
294,98,14,,新手想养耶耶需要注意什么嘛,2024-08-04 10:44:53,0,0
295,98,15,294,笼养 小心拆家和玻璃胃,2024-08-04 12:14:54,0,0
296,98,16,,想养边牧，又担心管不住它,2024-08-04 10:44:55,0,0
297,99,17,,能送医吗,2024-08-04 10:44:56,0,0
298,99,18,,已经被救助啦,2024-08-04 10:44:57,0,0
299,99,19,,救助了吗？,2024-08-04 10:44:58,0,0
300,99,20,,刚刚忙完路过，好像是有人养的，转移了位置，不晓得是不是那个店面老板在养,2024-08-04 10:44:59,0,0
301,99,11,,今天这么热 小狗在外面要中暑了,2024-08-04 10:45:00,0,0
302,100,12,,查下大脑呢 心超和脑部核磁 就是花费会很高,2024-08-04 10:45:01,0,0
303,100,13,,不懂dd 看看有没有线上问诊的大夫 至少能给个方向,2024-08-04 10:45:02,0,0
304,100,14,,18岁的老猫了啊，我也不懂，只能帮你顶顶你的帖子,2024-08-04 10:45:03,0,0
305,100,15,,询问大夫，会不会跟人一样是心脑血管问题，大夫说，若真是的话，以她的对数来说，不太可能撑到来医院…明明前两天状态还不错的…,2024-08-04 10:45:04,0,0
306,100,16,,有没有可能是高血压导致的癫痫,2024-08-04 10:45:05,0,0
